# Blender 5.0.1
# www.blender.org
mtllib Leviathan.mtl
o LowPolyWhale_(for_rust_renderer)
v 30.189163 8.172816 2.894287
v 30.115606 -1.749334 2.689357
v 32.436699 -3.491220 2.494272
v 31.748669 -3.343567 2.468929
v 31.077341 -2.903825 2.534503
v 30.498924 -2.293827 2.620064
v 29.947632 -2.317004 2.163434
v 29.783787 -2.950377 1.452837
v 29.712170 -3.405669 0.748277
v 29.697266 -3.566494 0.160244
v 29.729094 -3.414772 -0.288442
v 29.813677 -2.990079 -0.603599
v 29.979351 -2.420136 -0.789098
v 29.967361 -0.550113 3.234303
v 29.834181 1.096445 3.804666
v 29.741066 2.825589 4.151069
v 29.696648 4.474051 4.197322
v 29.741295 5.863588 3.947335
v 29.861326 6.953605 3.579978
v 30.031307 7.732904 3.193307
v 30.031307 8.267203 2.490505
v 29.861326 8.312445 1.909376
v 29.741295 8.264269 1.260415
v 29.696648 8.117702 0.600661
v 29.741295 7.877687 -0.021379
v 29.861326 7.574209 -0.567170
v 30.031307 7.244114 -1.000656
v 30.553940 8.407038 2.973884
v 31.103237 8.652093 3.059950
v 31.747150 8.821343 3.120856
v 32.436699 8.883584 3.143755
v 32.436699 -4.570779 -1.561108
v 32.436699 -6.177665 -1.712252
v 32.436699 -7.389943 -1.676389
v 32.436699 -7.459266 -0.369307
v 32.436699 -6.231256 0.646735
v 32.436699 -4.560233 1.732066
v 31.856953 -4.569990 -1.599270
v 31.814625 -6.175482 -1.781637
v 31.789833 -7.398182 -1.709483
v 31.521702 -7.432918 -1.340412
v 31.789833 -7.462881 -0.787378
v 31.814625 -6.247961 0.401763
v 31.853569 -4.572043 1.596225
v 31.315718 -4.571717 -1.521836
v 31.286785 -6.183745 -1.656112
v 30.934057 -6.202497 -1.357391
v 30.809822 -6.227027 -0.934299
v 30.934057 -6.246983 -0.452686
v 31.286785 -6.255090 0.015033
v 31.306908 -4.587916 1.353497
v 30.848948 -4.577116 -1.332503
v 30.488159 -4.585967 -1.044612
v 30.258413 -4.596623 -0.677477
v 30.176598 -4.606337 -0.257351
v 30.249920 -4.611967 0.186330
v 30.474712 -4.610939 0.622667
v 30.835760 -4.602346 1.020775
v 29.615826 -0.996903 -0.376282
v 29.355408 -1.315135 -0.050406
v 29.186098 -1.575600 0.361130
v 29.120750 -1.658585 0.878119
v 29.171694 -1.514840 1.491972
v 29.336584 -1.180923 2.152295
v 29.602922 -0.776485 2.770676
v 29.394615 0.622204 -0.057363
v 29.089294 0.503697 0.404075
v 28.899349 0.389929 0.926357
v 28.829939 0.358814 1.500654
v 28.891077 0.462598 2.121333
v 29.088449 0.697021 2.752354
v 29.404922 0.954911 3.330599
v 29.278559 2.190690 0.030012
v 28.957724 2.195205 0.566421
v 28.765207 2.191705 1.167259
v 28.701159 2.219639 1.806248
v 28.769814 2.328993 2.457016
v 28.971088 2.514186 3.082096
v 29.295609 2.702564 3.656730
v 29.241953 3.631430 -0.111277
v 28.919205 3.722209 0.465447
v 28.727072 3.813061 1.110819
v 28.663151 3.912664 1.793000
v 28.727983 4.050048 2.463953
v 28.922323 4.207708 3.104531
v 29.245428 4.358955 3.691127
v 29.299025 4.877137 -0.382738
v 28.997379 5.023394 0.142207
v 28.722244 5.395632 1.555255
v 28.791817 5.528328 2.190813
v 28.982496 5.651318 2.844745
v 29.299025 5.760904 3.440329
v 29.451374 5.905900 -0.646098
v 29.159838 6.130243 -0.102059
v 28.982496 6.365674 0.507570
v 28.922323 6.571495 1.162662
v 28.982496 6.714613 1.837919
v 29.159838 6.806340 2.493637
v 29.451374 6.871427 3.087539
v 29.692633 6.696455 -0.836743
v 29.451374 6.972824 -0.352107
v 29.299025 7.248135 0.218655
v 29.245428 7.474627 0.851911
v 29.299025 7.617078 1.515560
v 29.451374 7.681623 2.162788
v 29.692635 7.693320 2.741538
v 30.495913 7.570123 -1.206397
v 30.390083 7.962429 -0.772829
v 30.304237 8.292912 -0.223140
v 30.270130 8.548760 0.407717
v 30.304237 8.705374 1.083847
v 30.390083 8.750655 1.762622
v 30.495913 8.665465 2.401951
v 31.074770 7.761023 -1.411045
v 31.015551 8.200473 -0.955626
v 30.962002 8.565505 -0.389726
v 30.939209 8.841702 0.260885
v 30.962002 9.008597 0.966550
v 31.015551 9.049451 1.691933
v 31.074770 8.947125 2.398603
v 31.735058 7.867197 -1.557412
v 31.708878 8.336782 -1.086449
v 31.683405 8.723839 -0.504289
v 31.672020 9.015288 0.166343
v 31.683405 9.192631 0.899200
v 31.708878 9.235261 1.661390
v 31.735058 9.123538 2.414035
v 32.436699 7.902872 -1.612357
v 32.436699 8.381247 -1.135543
v 32.436699 8.775346 -0.546329
v 32.436699 9.072696 0.133374
v 32.436699 9.254849 0.878249
v 32.436699 9.299632 1.654672
v 32.436699 9.186318 2.422962
v 30.451431 -0.732746 3.467324
v 31.048824 -1.096832 3.564973
v 31.725552 -1.394760 3.616338
v 32.436699 -1.506561 3.664007
v 30.374634 1.025665 4.140095
v 31.008045 0.830806 4.355567
v 31.706804 0.647358 4.482538
v 32.436699 0.570347 4.547163
v 30.304237 2.830560 4.539156
v 30.962002 2.765186 4.943865
v 31.683407 2.671261 4.949634
v 32.436699 2.630218 4.952154
v 30.270130 4.530815 4.599984
v 30.939209 4.541741 4.834756
v 30.304237 5.963544 4.340973
v 30.962002 6.060689 4.741468
v 32.299633 6.691896 4.617805
v 32.436699 6.617631 4.645135
v 30.390083 7.087662 3.942066
v 31.015551 7.239075 4.184872
v 32.299633 6.840428 4.563141
v 32.436699 7.405610 4.370167
v 30.495913 7.895658 3.480239
v 31.074770 8.097310 3.658026
v 31.735058 8.249246 3.761892
v 32.436699 8.308115 3.796820
v 32.436699 -8.724257 -2.124270
v 32.436699 -9.299631 -1.654667
v 32.436699 -8.826487 -0.847578
v 31.789698 -8.729279 -2.224572
v 31.521702 -9.218809 -2.043400
v 31.789698 -8.820796 -1.328797
v 29.964460 -9.054548 -2.077549
v 29.964554 -8.126494 -1.646405
v 29.778151 -8.087379 -1.986204
v 29.778151 -9.448584 -2.574289
v 29.964554 -8.048182 -2.277108
v 29.964460 -8.963531 -2.685677
v 29.489405 -9.731933 -2.488801
v 29.489460 -9.190598 -2.301871
v 29.379791 -9.161944 -2.489519
v 29.379791 -10.144630 -2.771362
v 29.489460 -9.133429 -2.666915
v 29.489405 -9.673518 -2.843101
v 30.082916 -2.426377 -0.641471
v 30.146854 7.191103 -0.873504
v 32.436699 -4.581439 -1.381786
v 31.866989 -4.581513 -1.420648
v 31.365215 -4.581960 -1.350114
v 29.734400 -1.005895 -0.240509
v 29.518049 0.618499 0.071594
v 29.408531 2.197880 0.158392
v 29.377262 3.646580 0.014980
v 29.434938 4.893426 -0.266159
v 29.586729 5.905809 -0.527740
v 29.823515 6.672304 -0.715847
v 31.137655 7.679420 -1.263682
v 31.768000 7.778697 -1.404403
v 32.436699 7.812225 -1.458027
v 30.397924 -2.155136 -0.830947
v 30.216427 -2.165812 -0.716647
v 30.470764 -2.257386 -0.880885
v 30.744547 -2.593081 -1.038199
v 30.925087 -4.584772 -1.170675
v 30.602617 -2.435435 -0.740995
v 31.008623 -2.872553 -1.162414
v 31.285294 -3.109566 -1.254884
v 31.143604 -3.003865 -0.993147
v 31.628471 -3.337656 -1.325224
v 31.906885 -3.460258 -1.350443
v 31.766806 -3.414056 -1.121794
v 30.438147 6.975315 -1.215146
v 30.285442 7.018972 -1.072619
v 30.265676 6.481628 -1.188310
v 30.065681 6.534470 -1.003554
v 30.159088 6.499169 -1.099047
v 30.097012 5.732677 -1.070015
v 29.895161 5.782057 -0.882030
v 29.990717 5.752975 -0.977913
v 29.977476 4.747746 -0.845042
v 29.773050 4.792666 -0.650664
v 29.870165 4.768411 -0.748219
v 29.932617 3.534258 -0.543744
v 29.723017 3.573932 -0.356968
v 29.822903 3.554475 -0.451477
v 29.963633 2.121963 -0.352097
v 29.744961 2.159343 -0.180332
v 29.849560 2.143968 -0.271353
v 30.052898 0.598905 -0.383979
v 29.824238 0.631155 -0.214773
v 29.934067 0.623651 -0.304087
v 30.210247 -0.914466 -0.591179
v 29.972561 -0.900370 -0.430265
v 30.086370 -0.884974 -0.512496
v 31.918442 7.246112 -1.734879
v 31.645247 7.223278 -1.687779
v 31.781149 7.237010 -1.491273
v 31.301805 7.179990 -1.598967
v 31.037149 7.133944 -1.508354
v 31.168076 7.159419 -1.333136
v 30.774689 7.075036 -1.395347
v 30.522884 7.004322 -1.266208
v 30.585640 7.497966 -1.068297
v 30.646524 7.042111 -1.109342
v 31.881655 -1.721469 -1.125869
v 31.602316 -1.640388 -1.099836
v 31.740543 -1.689489 -0.895636
v 31.239342 -1.482186 -1.028790
v 30.963644 -1.336048 -0.948169
v 31.097675 -1.413798 -0.770054
v 30.669767 -1.151256 -0.832239
v 30.405220 -1.005438 -0.704291
v 30.531212 -1.071737 -0.547192
v 31.581984 0.107312 -0.912737
v 31.860355 0.052569 -0.936319
v 31.719860 0.076974 -0.705647
v 30.912659 0.311157 -0.775607
v 31.185482 0.220938 -0.846051
v 31.045664 0.266690 -0.591563
v 30.315308 0.523952 -0.536657
v 30.573227 0.438987 -0.655771
v 30.438665 0.488100 -0.376031
v 31.567593 1.782072 -1.095579
v 31.842949 1.748262 -1.139818
v 31.704468 1.763661 -0.881845
v 30.878582 1.913446 -0.869217
v 31.146502 1.857558 -0.977486
v 31.010233 1.886527 -0.688400
v 30.259859 2.058189 -0.540701
v 30.510286 2.001396 -0.686293
v 30.380877 2.033789 -0.384629
v 31.562239 3.306702 -1.686203
v 31.836039 3.289042 -1.779640
v 31.698565 3.296063 -1.501154
v 30.865791 3.381337 -1.291261
v 31.130039 3.348793 -1.464304
v 30.996464 3.363796 -1.139247
v 30.241659 3.478598 -0.808232
v 30.485926 3.438444 -1.008146
v 30.360968 3.458235 -0.669330
v 31.577154 4.613193 -2.044397
v 31.850180 4.608029 -2.144290
v 31.712973 4.609865 -1.862148
v 30.893206 4.641547 -1.629459
v 31.155409 4.626902 -1.812473
v 31.022694 4.633008 -1.480161
v 30.280996 4.699702 -1.122863
v 30.521683 4.671507 -1.333262
v 30.398357 4.684025 -0.986476
v 31.605103 5.697196 -2.072924
v 31.877819 5.703244 -2.150608
v 31.740700 5.700494 -1.898947
v 30.949697 5.683228 -1.739563
v 31.211338 5.686413 -1.895842
v 31.078835 5.683951 -1.593253
v 30.369268 5.698999 -1.305272
v 30.608971 5.684595 -1.497906
v 30.486002 5.689025 -1.170454
v 31.632982 6.561025 -1.879392
v 31.905766 6.576691 -1.936662
v 31.768616 6.570204 -1.691986
v 31.009743 6.508084 -1.647449
v 31.272415 6.531332 -1.762000
v 31.139479 6.519911 -1.483894
v 30.472960 6.472721 -1.340060
v 30.715200 6.480092 -1.490852
v 30.590879 6.472860 -1.192716
v 34.684235 8.172816 2.894288
v 34.757793 -1.749334 2.689358
v 33.124729 -3.343567 2.468929
v 33.796055 -2.903825 2.534504
v 34.374474 -2.293827 2.620065
v 34.925766 -2.317004 2.163435
v 35.089611 -2.950377 1.452838
v 35.161228 -3.405669 0.748278
v 35.176132 -3.566494 0.160245
v 35.144306 -3.414772 -0.288441
v 35.059723 -2.990079 -0.603598
v 34.894047 -2.420136 -0.789097
v 34.906036 -0.550113 3.234304
v 35.039219 1.096445 3.804667
v 35.132332 2.825589 4.151070
v 35.176750 4.474051 4.197323
v 35.132103 5.863588 3.947336
v 35.012074 6.953605 3.579979
v 34.842091 7.732904 3.193308
v 34.842091 8.267203 2.490505
v 35.012070 8.312445 1.909377
v 35.132103 8.264269 1.260416
v 35.176750 8.117702 0.600662
v 35.132103 7.877687 -0.021378
v 35.012070 7.574209 -0.567169
v 34.842091 7.244114 -1.000655
v 34.319458 8.407038 2.973885
v 33.770161 8.652093 3.059951
v 33.126247 8.821343 3.120856
v 33.016445 -4.569990 -1.599270
v 33.058773 -6.175482 -1.781636
v 33.083565 -7.398182 -1.709483
v 33.351696 -7.432918 -1.340412
v 33.083565 -7.462881 -0.787377
v 33.058773 -6.247961 0.401763
v 33.019829 -4.572043 1.596226
v 33.557682 -4.571717 -1.521835
v 33.586613 -6.183745 -1.656111
v 33.939342 -6.202497 -1.357391
v 34.063576 -6.227027 -0.934298
v 33.939342 -6.246983 -0.452685
v 33.586613 -6.255090 0.015034
v 33.566490 -4.587916 1.353498
v 34.024452 -4.577116 -1.332502
v 34.385239 -4.585967 -1.044611
v 34.614986 -4.596623 -0.677476
v 34.696800 -4.606337 -0.257350
v 34.623478 -4.611967 0.186331
v 34.398685 -4.610939 0.622668
v 34.037640 -4.602346 1.020776
v 35.257572 -0.996902 -0.376281
v 35.517990 -1.315134 -0.050405
v 35.687298 -1.575600 0.361131
v 35.752647 -1.658585 0.878120
v 35.701702 -1.514840 1.491973
v 35.536816 -1.180923 2.152296
v 35.270477 -0.776485 2.770677
v 35.478783 0.622204 -0.057362
v 35.784103 0.503698 0.404076
v 35.974049 0.389929 0.926358
v 36.043461 0.358814 1.500655
v 35.982323 0.462598 2.121334
v 35.784946 0.697021 2.752355
v 35.468475 0.954911 3.330600
v 35.594837 2.190690 0.030013
v 35.915676 2.195206 0.566422
v 36.108192 2.191706 1.167260
v 36.172237 2.219640 1.806249
v 36.103584 2.328994 2.457017
v 35.902309 2.514187 3.082097
v 35.577789 2.702564 3.656731
v 35.631443 3.631430 -0.111276
v 35.954193 3.722209 0.465448
v 36.146328 3.813061 1.110820
v 36.210247 3.912665 1.793001
v 36.145412 4.050048 2.463954
v 35.951073 4.207708 3.104532
v 35.627968 4.358955 3.691128
v 35.574371 4.877137 -0.382737
v 35.876019 5.023394 0.142208
v 36.151154 5.395632 1.555256
v 36.081581 5.528328 2.190814
v 35.890900 5.651318 2.844746
v 35.574375 5.760904 3.440330
v 35.422024 5.905900 -0.646097
v 35.713558 6.130243 -0.102058
v 35.890900 6.365674 0.507571
v 35.951073 6.571495 1.162663
v 35.890900 6.714613 1.837920
v 35.713558 6.806340 2.493638
v 35.422024 6.871427 3.087540
v 35.180763 6.696455 -0.836742
v 35.422024 6.972824 -0.352106
v 35.574375 7.248135 0.218656
v 35.627968 7.474627 0.851912
v 35.574375 7.617078 1.515561
v 35.422024 7.681623 2.162789
v 35.180763 7.693320 2.741539
v 34.377483 7.570123 -1.206396
v 34.483315 7.962429 -0.772828
v 34.569160 8.292912 -0.223139
v 34.603268 8.548760 0.407718
v 34.569160 8.705374 1.083848
v 34.483315 8.750655 1.762623
v 34.377483 8.665465 2.401952
v 33.798626 7.761023 -1.411044
v 33.857845 8.200473 -0.955625
v 33.911396 8.565505 -0.389725
v 33.934189 8.841702 0.260886
v 33.911396 9.008597 0.966551
v 33.857845 9.049451 1.691934
v 33.798626 8.947125 2.398604
v 33.138340 7.867197 -1.557412
v 33.164520 8.336782 -1.086449
v 33.189991 8.723839 -0.504288
v 33.201378 9.015288 0.166344
v 33.189991 9.192631 0.899200
v 33.164520 9.235261 1.661391
v 33.138340 9.123538 2.414035
v 34.421967 -0.732746 3.467325
v 33.824574 -1.096832 3.564974
v 33.147846 -1.394760 3.616338
v 34.498764 1.025665 4.140095
v 33.865353 0.830806 4.355567
v 33.166592 0.647358 4.482538
v 34.569160 2.830560 4.539156
v 33.911396 2.765186 4.943865
v 33.189991 2.671259 4.949634
v 34.603268 4.530815 4.599984
v 33.934189 4.541741 4.834756
v 34.569160 5.963544 4.340973
v 33.911396 6.060689 4.741468
v 32.573765 6.691896 4.617805
v 34.483315 7.087662 3.942067
v 33.857845 7.239075 4.184872
v 32.573765 6.840428 4.563141
v 34.377483 7.895658 3.480240
v 33.798626 8.097310 3.658027
v 33.138340 8.249246 3.761892
v 33.083702 -8.729279 -2.224572
v 33.351696 -9.218809 -2.043399
v 33.083702 -8.820796 -1.328797
v 34.908939 -9.054548 -2.077548
v 34.908844 -8.126494 -1.646404
v 35.095249 -8.087379 -1.986203
v 35.095249 -9.448584 -2.574288
v 34.908844 -8.048182 -2.277107
v 34.908939 -8.963531 -2.685676
v 35.383995 -9.731933 -2.488800
v 35.383938 -9.190598 -2.301870
v 35.493607 -9.161944 -2.489518
v 35.493607 -10.144630 -2.771361
v 35.383938 -9.133429 -2.666914
v 35.383995 -9.673518 -2.843100
v 34.790482 -2.426377 -0.641470
v 34.726543 7.191103 -0.873503
v 33.006409 -4.581513 -1.420648
v 33.508183 -4.581960 -1.350114
v 35.138996 -1.005895 -0.240508
v 35.355350 0.618500 0.071595
v 35.464867 2.197880 0.158393
v 35.496136 3.646581 0.014981
v 35.438457 4.893426 -0.266158
v 35.286667 5.905809 -0.527739
v 35.049881 6.672304 -0.715846
v 33.735741 7.679420 -1.263682
v 33.105396 7.778697 -1.404402
v 34.475471 -2.155136 -0.830946
v 32.164669 -3.515323 -1.344144
v 34.656971 -2.165812 -0.716646
v 32.436699 -4.581439 -1.381786
v 32.436699 -3.539803 -1.116745
v 34.402634 -2.257386 -0.880884
v 32.166031 7.256904 -1.757484
v 32.436699 7.812225 -1.458027
v 32.436699 7.261790 -1.542966
v 34.128849 -2.593081 -1.038198
v 32.163212 -1.762600 -1.123706
v 32.436699 -1.779216 -0.897143
v 32.163628 0.019805 -0.937309
v 33.948311 -4.584772 -1.170674
v 32.436699 0.007696 -0.712030
v 32.165146 1.726594 -1.154866
v 34.270779 -2.435435 -0.740994
v 32.436699 1.719227 -0.930973
v 32.165592 3.278202 -1.826980
v 33.864777 -2.872553 -1.162413
v 32.436699 3.274508 -1.609143
v 32.165863 4.606203 -2.195149
v 33.588104 -3.109566 -1.254884
v 32.436699 4.605554 -1.979599
v 32.166016 5.708311 -2.186331
v 33.729794 -3.003865 -0.993146
v 32.436699 5.710283 -1.971032
v 32.166100 6.585601 -1.962774
v 33.244926 -3.337656 -1.325223
v 32.436699 6.589438 -1.748011
v 32.966515 -3.460258 -1.350443
v 33.106594 -3.414056 -1.121794
v 34.435249 6.975315 -1.215145
v 34.587955 7.018972 -1.072618
v 34.607719 6.481628 -1.188309
v 34.807716 6.534470 -1.003553
v 34.714310 6.499169 -1.099046
v 34.776386 5.732677 -1.070014
v 34.978237 5.782057 -0.882029
v 34.882683 5.752975 -0.977912
v 34.895920 4.747746 -0.845041
v 35.100346 4.792666 -0.650663
v 35.003231 4.768411 -0.748218
v 34.940781 3.534258 -0.543743
v 35.150379 3.573932 -0.356967
v 35.050495 3.554475 -0.451476
v 34.909767 2.121963 -0.352096
v 35.128437 2.159343 -0.180331
v 35.023838 2.143968 -0.271352
v 34.820499 0.598906 -0.383978
v 35.049160 0.631155 -0.214772
v 34.939331 0.623651 -0.304086
v 34.663151 -0.914466 -0.591178
v 34.900837 -0.900370 -0.430264
v 34.787029 -0.884974 -0.512495
v 32.954956 7.246112 -1.734879
v 33.228149 7.223278 -1.687778
v 32.436699 -4.581439 -1.381786
v 31.137655 7.679420 -1.263682
v 29.586729 5.905809 -0.527740
v 29.823515 6.672304 -0.715847
v 29.518049 0.618499 0.071594
v 31.866989 -4.581513 -1.420648
v 31.768000 7.778697 -1.404403
v 32.436699 7.812225 -1.458027
v 29.734400 -1.005895 -0.240509
v 29.408531 2.197880 0.158392
v 30.082916 -2.426377 -0.641471
v 31.365215 -4.581960 -1.350114
v 30.146854 7.191103 -0.873504
v 29.377262 3.646580 0.014980
v 29.434938 4.893426 -0.266159
v 30.925087 -4.584772 -1.170675
v 30.585640 7.497966 -1.068297
v 33.092247 7.237010 -1.491272
v 33.571590 7.179990 -1.598966
v 33.836246 7.133944 -1.508353
v 33.705322 7.159419 -1.333135
v 34.098709 7.075036 -1.395346
v 34.350513 7.004322 -1.266207
v 34.287758 7.497966 -1.068296
v 34.226871 7.042111 -1.109341
v 32.991745 -1.721469 -1.125868
v 33.271084 -1.640388 -1.099836
v 33.132854 -1.689489 -0.895635
v 33.634056 -1.482186 -1.028790
v 33.909752 -1.336048 -0.948168
v 33.775723 -1.413798 -0.770053
v 34.203629 -1.151256 -0.832238
v 26.585480 0.843783 -0.629703
v 26.465553 0.802197 -0.326108
v 26.373508 1.812947 -0.666648
v 26.240570 1.841671 -0.328326
v 26.235340 2.679307 -0.851835
v 26.093555 2.766860 -0.497633
v 24.895855 -0.115295 -1.113603
v 24.856224 -0.129038 -1.013274
v 24.825806 0.204983 -1.125811
v 24.781874 0.214475 -1.014007
v 24.780146 0.491287 -1.187010
v 24.733290 0.520221 -1.069958
v 28.723602 5.334166 1.307123
v 28.866186 5.689816 0.720444
v 28.906321 5.088102 0.364140
v 28.765114 4.733368 0.948311
v 28.785301 5.637614 1.087535
v 28.914616 5.463464 0.420162
v 28.843998 4.786584 0.580361
v 28.715179 4.958807 1.251077
v 28.789610 4.959620 1.258445
v 28.797836 5.327949 1.313145
v 28.858431 5.625838 1.097935
v 28.936079 5.677679 0.737357
v 28.985390 5.454929 0.442927
v 28.977144 5.086579 0.388186
v 28.916351 4.789541 0.601871
v 28.838772 4.737583 0.962796
v 28.785360 4.940788 1.289833
v 28.794193 5.336918 1.348813
v 28.859369 5.657222 1.117224
v 28.942860 5.713127 0.729422
v 28.995857 5.473434 0.412832
v 28.986992 5.077280 0.353810
v 28.921562 4.758095 0.583427
v 28.838156 4.702065 0.971633
v 28.777016 5.570419 0.926381
v 28.679886 5.459135 0.823443
v 28.683706 5.013192 1.155339
v 28.788940 5.511565 0.681134
v 28.786200 4.876190 0.621725
v 28.707161 5.478045 0.998716
v 28.810755 5.584064 0.794776
v 28.724031 5.394915 0.652397
v 28.620438 5.288899 0.856356
v 28.642244 5.361402 0.969988
v 28.708387 5.361142 1.116600
v 28.759951 5.516377 1.024912
v 28.820667 5.567781 0.858562
v 28.841856 5.414444 0.494358
v 28.835693 5.116097 0.449996
v 28.654169 5.302547 0.724741
v 28.723375 4.834085 0.914327
v 28.642244 5.361402 0.969988
v 28.707161 5.478045 0.998716
v 28.777016 5.570419 0.926381
v 28.810755 5.584064 0.794776
v 28.788940 5.511565 0.681134
v 28.724031 5.394915 0.652397
v 28.654169 5.302547 0.724741
v 28.620438 5.288899 0.856356
v 34.468178 -1.005437 -0.704290
v 34.342186 -1.071736 -0.547191
v 33.291412 0.107312 -0.912736
v 33.013042 0.052569 -0.936319
v 33.153538 0.076974 -0.705647
v 33.960739 0.311157 -0.775606
v 33.687916 0.220938 -0.846050
v 33.827736 0.266690 -0.591562
v 34.558090 0.523952 -0.536656
v 34.300171 0.438987 -0.655770
v 34.434734 0.488100 -0.376030
v 33.305805 1.782072 -1.095579
v 33.030449 1.748262 -1.139817
v 33.168930 1.763661 -0.881845
v 33.994816 1.913447 -0.869216
v 33.726894 1.857558 -0.977485
v 33.863163 1.886527 -0.688399
v 34.613537 2.058189 -0.540700
v 34.363113 2.001396 -0.686292
v 34.492523 2.033789 -0.384628
v 33.311157 3.306702 -1.686203
v 33.037361 3.289042 -1.779639
v 33.174831 3.296063 -1.501153
v 34.007607 3.381337 -1.291260
v 33.743359 3.348793 -1.464303
v 33.876934 3.363796 -1.139246
v 34.631737 3.478598 -0.808231
v 34.387470 3.438444 -1.008145
v 34.512428 3.458235 -0.669329
v 33.296242 4.613193 -2.044396
v 33.023216 4.608029 -2.144290
v 33.160423 4.609865 -1.862147
v 33.980190 4.641547 -1.629458
v 33.717991 4.626902 -1.812472
v 33.850704 4.633008 -1.480160
v 34.592400 4.699702 -1.122862
v 34.351715 4.671507 -1.333261
v 34.475040 4.684025 -0.986475
v 33.268295 5.697196 -2.072923
v 32.995579 5.703244 -2.150608
v 33.132698 5.700494 -1.898947
v 33.923698 5.683228 -1.739563
v 33.662060 5.686413 -1.895841
v 33.794563 5.683951 -1.593253
v 34.504128 5.698999 -1.305271
v 34.264427 5.684595 -1.497905
v 34.387394 5.689025 -1.170453
v 33.240414 6.561025 -1.879392
v 32.967632 6.576691 -1.936661
v 33.104782 6.570204 -1.691985
v 33.863655 6.508084 -1.647449
v 33.600983 6.531332 -1.761999
v 33.733917 6.519911 -1.483894
v 34.400440 6.472721 -1.340059
v 34.158195 6.480092 -1.490851
v 34.282516 6.472860 -1.192715
v 32.708729 -3.515323 -1.344144
v 32.707367 7.256904 -1.757483
v 32.710186 -1.762600 -1.123706
v 32.709770 0.019805 -0.937309
v 32.708252 1.726594 -1.154866
v 32.707806 3.278202 -1.826980
v 32.707535 4.606203 -2.195149
v 32.707378 5.708311 -2.186331
v 32.707298 6.585601 -1.962773
v 33.735741 7.679420 -1.263682
v 35.286667 5.905809 -0.527739
v 35.049881 6.672304 -0.715846
v 35.355350 0.618500 0.071595
v 33.006409 -4.581513 -1.420648
v 33.105396 7.778697 -1.404402
v 35.138996 -1.005895 -0.240508
v 35.464867 2.197880 0.158393
v 34.790482 -2.426377 -0.641470
v 33.508183 -4.581960 -1.350114
v 34.726543 7.191103 -0.873503
v 35.496136 3.646581 0.014981
v 35.438457 4.893426 -0.266158
v 33.948311 -4.584772 -1.170674
v 34.287758 7.497966 -1.068296
v 38.287918 0.843783 -0.629702
v 38.407845 0.802197 -0.326107
v 38.499889 1.812948 -0.666647
v 38.632828 1.841672 -0.328325
v 38.638058 2.679308 -0.851834
v 38.779842 2.766861 -0.497632
v 39.977543 -0.115295 -1.113602
v 40.017174 -0.129037 -1.013273
v 40.047592 0.204984 -1.125810
v 40.091522 0.214476 -1.014006
v 40.093250 0.491288 -1.187009
v 40.140106 0.520221 -1.069957
v 36.149796 5.334166 1.307124
v 36.007210 5.689816 0.720445
v 35.967079 5.088102 0.364141
v 36.108284 4.733368 0.948312
v 36.088097 5.637614 1.087536
v 35.958782 5.463464 0.420163
v 36.029400 4.786584 0.580362
v 36.158218 4.958807 1.251078
v 36.083786 4.959620 1.258446
v 36.075562 5.327949 1.313146
v 36.014969 5.625838 1.097936
v 35.937321 5.677679 0.737358
v 35.888008 5.454929 0.442928
v 35.896255 5.086579 0.388187
v 35.957047 4.789541 0.601872
v 36.034626 4.737583 0.962797
v 36.088036 4.940788 1.289834
v 36.079205 5.336918 1.348814
v 36.014030 5.657222 1.117225
v 35.930538 5.713127 0.729423
v 35.877541 5.473434 0.412833
v 35.886406 5.077280 0.353811
v 35.951836 4.758095 0.583428
v 36.035240 4.702065 0.971634
v 36.096382 5.570419 0.926382
v 36.193512 5.459135 0.823444
v 36.189690 5.013192 1.155340
v 36.084457 5.511565 0.681135
v 36.087196 4.876190 0.621726
v 36.166237 5.478045 0.998717
v 36.062645 5.584064 0.794777
v 36.149368 5.394915 0.652398
v 36.252960 5.288899 0.856357
v 36.231152 5.361402 0.969989
v 36.165009 5.361142 1.116601
v 36.113449 5.516377 1.024913
v 36.052731 5.567781 0.858563
v 36.031540 5.414444 0.494359
v 36.037704 5.116097 0.449997
v 36.219231 5.302547 0.724742
v 36.150021 4.834085 0.914328
v 36.231152 5.361402 0.969989
v 36.166237 5.478045 0.998717
v 36.096382 5.570419 0.926382
v 36.062645 5.584064 0.794777
v 36.084457 5.511565 0.681135
v 36.149368 5.394915 0.652398
v 36.219231 5.302547 0.724742
v 36.252960 5.288899 0.856357
v 31.683405 6.116881 4.738017
v 32.436699 6.140520 4.736566
v 31.708878 7.357630 4.324722
v 32.436699 6.914694 4.535811
v 33.189991 6.116881 4.738017
v 33.164520 7.357630 4.324722
v 32.436699 6.185918 3.472051
v 32.436699 6.482983 3.362727
v 32.299633 6.260185 3.444720
v 32.299633 6.408716 3.390058
v 32.573765 6.260185 3.444720
v 32.573765 6.408716 3.390058
v 30.962002 2.540121 1.717430
v 31.683405 2.444814 1.724111
v 32.436699 2.403185 1.727030
v 30.939209 4.314013 1.593088
v 31.672020 4.298196 1.594197
v 32.436699 4.290843 1.594712
v 30.962002 5.833599 1.486572
v 31.683405 5.888314 1.482737
v 32.436699 5.911461 1.481115
v 33.911396 5.833599 1.486573
v 33.189991 5.888314 1.482738
v 33.911396 2.540121 1.717430
v 33.934189 4.314013 1.593089
v 33.189991 2.444814 1.724112
v 33.201378 4.298196 1.594198
vn 0.1404 0.3573 -0.9234
vn -0.5196 -0.2821 0.8065
vn 0.0655 0.0934 -0.9935
vn 0.1107 -0.0294 -0.9934
vn -0.3240 0.9426 -0.0806
vn -0.4187 -0.6308 0.6533
vn -0.2931 -0.5504 0.7818
vn -0.1410 0.1154 -0.9833
vn -0.2303 -0.0527 -0.9717
vn -0.7382 -0.3604 -0.5702
vn -0.7569 -0.5602 0.3366
vn -0.6498 -0.5895 0.4799
vn -0.4921 -0.5414 0.6817
vn -0.3754 0.0836 -0.9231
vn -0.6450 -0.0302 -0.7636
vn -0.9206 -0.2663 -0.2857
vn -0.8782 -0.4303 0.2087
vn -0.6981 -0.4945 0.5179
vn -0.6257 -0.5230 0.5788
vn -0.1752 -0.5716 0.8016
vn -0.3206 -0.5666 0.7591
vn -0.4710 -0.5486 0.6908
vn -0.5255 -0.5350 0.6616
vn -0.6166 -0.5420 0.5709
vn -0.7584 -0.5207 0.3920
vn -0.8769 -0.4601 0.1391
vn -0.9181 -0.3497 -0.1869
vn -0.8341 -0.2118 -0.5093
vn -0.6383 -0.0641 -0.7671
vn -0.8334 -0.0050 -0.5527
vn -0.9352 -0.0492 -0.3508
vn -0.9846 -0.1031 -0.1410
vn -0.9762 -0.1786 0.1228
vn -0.9067 -0.2392 0.3474
vn -0.8049 -0.2745 0.5262
vn 0.2502 -0.1641 -0.9542
vn -0.9908 -0.0573 -0.1229
vn -0.9899 -0.0869 0.1120
vn -0.9336 -0.1213 0.3371
vn -0.8378 -0.1494 0.5252
vn 0.2044 0.0695 -0.9764
vn -0.9948 -0.0268 -0.0985
vn -0.9939 -0.0215 0.1085
vn -0.9495 -0.0243 0.3129
vn -0.8658 -0.0315 0.4993
vn -0.8730 -0.0653 -0.4834
vn -0.9634 0.2679 0.0087
vn -0.9232 -0.0924 -0.3731
vn -0.9949 0.0533 0.0852
vn -0.9590 0.0910 0.2685
vn -0.8823 0.1187 0.4554
vn -0.8670 0.0008 -0.4984
vn -0.9441 0.1014 -0.3138
vn -0.9819 0.1833 0.0486
vn -0.9490 0.2198 0.2259
vn -0.8783 0.2573 0.4029
vn -0.8488 0.1358 -0.5109
vn -0.9131 0.2127 -0.3478
vn -0.9432 0.2795 -0.1798
vn -0.9412 0.3379 0.0035
vn -0.9077 0.3811 0.1757
vn -0.8443 0.4111 0.3437
vn -0.7743 -0.0143 -0.6327
vn -0.8956 -0.1020 -0.4330
vn -0.9616 -0.2321 -0.1467
vn -0.9386 -0.3261 0.1130
vn -0.8644 -0.3776 0.3319
vn -0.7501 -0.3983 0.5279
vn -0.6560 -0.3993 0.6405
vn -0.6756 -0.2957 0.6754
vn -0.7040 -0.1726 0.6889
vn -0.7379 -0.0363 0.6740
vn -0.7547 0.1434 0.6402
vn -0.7588 0.2894 0.5834
vn -0.7387 0.4340 0.5158
vn -0.6957 0.5899 0.4099
vn -0.7553 0.5983 0.2675
vn -0.8014 0.5889 0.1045
vn -0.8289 0.5553 -0.0673
vn -0.8346 0.4912 -0.2494
vn -0.8158 0.4103 -0.4076
vn -0.7696 0.3086 -0.5591
vn -0.4353 0.6189 -0.6538
vn -0.4323 0.7386 -0.5173
vn -0.4338 0.8238 -0.3649
vn -0.4289 0.8821 -0.1948
vn -0.4215 0.9066 -0.0199
vn -0.4100 0.8972 0.1643
vn -0.2614 0.6762 -0.6888
vn -0.2594 0.7990 -0.5425
vn -0.2560 0.8850 -0.3889
vn -0.2519 0.9415 -0.2239
vn -0.2509 0.9669 -0.0457
vn -0.2490 0.9553 0.1592
vn -0.0910 0.7030 -0.7053
vn -0.0879 0.8280 -0.5538
vn -0.0847 0.9129 -0.3994
vn -0.0829 0.9680 -0.2367
vn -0.0837 0.9951 -0.0529
vn -0.0857 0.9851 0.1492
vn -0.6193 0.5010 -0.6045
vn -0.6339 0.6151 -0.4688
vn -0.6340 0.7041 -0.3198
vn -0.6253 0.7666 -0.1460
vn -0.6118 0.7906 0.0246
vn -0.5911 0.7809 0.2019
vn -0.5557 0.7348 0.3890
vn -0.4015 0.8298 0.3875
vn -0.2467 0.8895 0.3845
vn -0.0871 0.9185 0.3858
vn -0.3954 -0.3432 0.8520
vn -0.2595 -0.3712 0.8916
vn -0.1219 -0.3885 0.9133
vn -0.5277 -0.2030 0.8248
vn -0.0456 -0.2917 0.9554
vn -0.0155 -0.2250 0.9742
vn -0.3302 -0.0404 0.9430
vn -0.0308 -0.9971 0.0700
vn 0.0778 -0.9945 0.0698
vn -0.3285 0.1756 0.9280
vn 0.1293 0.9892 -0.0690
vn -0.1313 0.9889 -0.0694
vn -0.5268 0.3197 0.7876
vn -0.0290 0.4280 0.9033
vn -1.0000 -0.0000 -0.0000
vn -0.4160 0.4917 0.7650
vn -0.2534 0.5187 0.8165
vn -0.0877 0.5336 0.8412
vn -0.5162 -0.4064 0.7539
vn -0.4025 -0.4461 0.7994
vn -0.2744 -0.4796 0.8335
vn -0.1364 -0.5038 0.8530
vn -0.0953 0.7436 0.6618
vn -0.2661 0.7130 0.6487
vn -0.4211 0.6619 0.6202
vn -0.5631 0.5932 0.5754
vn -0.5781 0.4604 0.6737
vn -0.5807 0.3167 0.7500
vn -0.5777 0.1625 0.7999
vn -0.5668 -0.0384 0.8230
vn -0.5355 -0.1935 0.8220
vn -0.5299 -0.3155 0.7872
vn 0.1240 -0.6274 -0.7687
vn -0.3016 -0.7804 0.5478
vn -0.0945 -0.7624 0.6402
vn -0.8690 0.0881 0.4869
vn 0.6734 -0.5310 0.5144
vn 0.1594 0.3563 -0.9207
vn -0.4349 0.8628 0.2576
vn -0.3031 -0.4015 0.8643
vn 0.2725 -0.4616 -0.8442
vn -0.8623 -0.1652 0.4787
vn -0.8757 0.1331 -0.4641
vn -0.1789 0.4010 -0.8984
vn 0.7718 -0.4084 -0.4873
vn -0.7654 0.4830 -0.4254
vn -0.3328 -0.3078 0.8914
vn 0.2940 -0.4027 0.8668
vn 0.0956 0.9147 0.3927
vn 0.7696 0.3086 -0.5591
vn 0.3603 -0.3605 0.8604
vn 0.9999 -0.0149 0.0010
vn 0.9999 0.0128 -0.0009
vn -0.0444 0.3179 -0.9471
vn 0.0877 0.5336 0.8412
vn -0.0655 0.0934 -0.9935
vn 0.2975 0.9462 -0.1270
vn 0.2303 -0.0527 -0.9717
vn 0.7584 -0.5207 0.3920
vn 0.3206 -0.5666 0.7591
vn 0.0290 0.4280 0.9033
vn 0.4600 -0.6163 0.6392
vn 0.7382 -0.3604 -0.5702
vn 0.2752 -0.6129 0.7407
vn 0.1752 -0.5716 0.8016
vn 0.5255 -0.5350 0.6616
vn 0.8769 -0.4601 0.1391
vn 0.1813 -0.5357 0.8247
vn 0.6166 -0.5420 0.5709
vn 0.5196 -0.2821 0.8065
vn 0.4710 -0.5486 0.6908
vn 0.1410 0.1154 -0.9833
vn 0.9949 0.0533 0.0852
vn 0.9590 0.0910 0.2685
vn -0.5979 -0.3557 -0.7183
vn 0.0671 -0.9846 -0.1614
vn 0.9814 0.1786 0.0701
vn 0.9474 0.2170 0.2354
vn 0.3046 -0.0639 0.9503
vn -0.6321 -0.2787 -0.7231
vn 0.9447 0.2780 -0.1741
vn 0.9421 0.3351 0.0129
vn 0.9068 0.3749 0.1928
vn 0.9386 -0.3261 0.1130
vn 0.6756 -0.2957 0.6754
vn 0.7547 0.1434 0.6402
vn 0.9181 -0.3497 -0.1869
vn 0.7968 0.0342 -0.6033
vn 0.9846 -0.1031 -0.1410
vn 0.9762 -0.1786 0.1228
vn 0.8782 -0.4303 0.2087
vn 0.6450 -0.0302 -0.7636
vn 0.3275 -0.5433 0.7730
vn 0.9067 -0.2392 0.3474
vn 0.8049 -0.2745 0.5262
vn 0.9495 -0.0243 0.3129
vn 0.9045 -0.1228 -0.4083
vn 0.8729 0.2524 0.4175
vn 0.8658 -0.0315 0.4993
vn 0.9336 -0.1213 0.3371
vn 0.4709 -0.5488 0.6907
vn 0.9206 -0.2663 -0.2857
vn 0.8378 -0.1494 0.5252
vn -0.2642 0.0210 -0.9642
vn 0.4954 0.0796 0.8650
vn 0.8823 0.1187 0.4554
vn 0.6223 -0.0471 -0.7813
vn 0.8389 0.4011 0.3679
vn -0.1107 -0.0294 -0.9934
vn 0.6981 -0.4945 0.5179
vn 0.7569 -0.5602 0.3366
vn 0.9939 -0.0215 0.1085
vn 0.8751 -0.0665 -0.4793
vn 0.9232 -0.0924 -0.3731
vn 0.7227 0.5456 -0.4242
vn 0.8488 0.1359 -0.5109
vn -0.5234 -0.5246 -0.6714
vn 0.7293 0.4251 0.5362
vn 0.9131 0.2127 -0.3478
vn 0.3754 0.0836 -0.9231
vn 0.6850 0.5614 0.4643
vn 0.8282 -0.1984 -0.5241
vn 0.9197 -0.0215 -0.3920
vn 0.9908 -0.0573 -0.1229
vn 0.8644 -0.3776 0.3319
vn 0.8669 0.0008 -0.4984
vn 0.9948 -0.0268 -0.0985
vn 0.9899 -0.0869 0.1120
vn 0.8338 0.5498 -0.0507
vn 0.0905 0.7027 -0.7057
vn 0.0875 0.8278 -0.5542
vn 0.0837 0.9951 -0.0529
vn 0.7040 -0.1726 0.6889
vn 0.7501 -0.3983 0.5279
vn 0.2595 0.8857 -0.3851
vn 0.7503 0.2838 0.5970
vn 0.9616 -0.2321 -0.1467
vn 0.4393 0.8240 -0.3579
vn 0.4316 0.9021 -0.0056
vn 0.0857 0.9132 -0.3983
vn 0.8360 0.4904 -0.2462
vn 0.7565 0.5793 0.3036
vn 0.6560 -0.3993 0.6405
vn 0.2602 0.9415 -0.2143
vn 0.4382 0.8803 -0.1818
vn 0.2628 0.6770 -0.6874
vn 0.7379 -0.0363 0.6740
vn 0.9539 0.1448 -0.2630
vn -0.2502 -0.1641 -0.9542
vn 0.6357 0.7038 -0.3172
vn 0.2601 0.9649 -0.0351
vn 0.6361 0.7613 -0.1261
vn 0.0865 0.9686 -0.2330
vn 0.4363 0.7394 -0.5127
vn 0.2490 0.9553 0.1592
vn 0.4288 0.8835 0.1887
vn 0.4277 0.6158 -0.6616
vn 0.2614 0.7997 -0.5406
vn 0.0029 0.9979 0.0645
vn 0.8113 0.4117 -0.4151
vn 0.6257 0.6152 -0.4797
vn -0.0302 -0.8689 -0.4940
vn -0.2315 0.0136 -0.9727
vn -0.7736 0.3507 -0.5278
vn 0.0857 0.9851 0.1492
vn 0.8060 0.5769 0.1322
vn 0.7580 0.0080 -0.6523
vn -0.7411 0.2258 -0.6323
vn -0.0042 -0.8623 -0.5065
vn -0.4775 -0.8759 0.0687
vn -0.0051 0.9983 0.0581
vn -0.6973 0.0912 -0.7110
vn -0.6522 -0.1898 -0.7339
vn -0.7479 0.4291 -0.5065
vn 0.6070 0.4993 -0.6182
vn 0.6274 0.7765 0.0584
vn 0.5557 0.7348 0.3890
vn -0.5000 0.8127 -0.2991
vn -0.7718 -0.4084 -0.4873
vn 0.1012 -0.8525 0.5128
vn 0.4160 0.4917 0.7650
vn 0.8690 0.0881 0.4869
vn 0.2896 -0.3545 0.8891
vn 0.2681 0.8755 0.4021
vn 0.2423 -0.4944 0.8348
vn -0.6845 -0.0539 -0.7271
vn 0.6060 0.7595 0.2364
vn 0.7654 0.4830 -0.4254
vn 0.1789 0.4010 -0.8984
vn 0.5781 0.4604 0.6737
vn -0.0758 -0.9947 0.0694
vn 0.5072 -0.3272 0.7973
vn 0.5202 0.0457 0.8528
vn 0.4245 0.8082 0.4082
vn 0.5668 -0.0384 0.8230
vn 0.3709 -0.4645 0.8042
vn -0.1240 -0.6274 -0.7687
vn 0.4349 0.8628 0.2576
vn 0.2534 0.5187 0.8165
vn 0.3847 -0.2769 0.8805
vn 0.2303 -0.2214 0.9476
vn 0.2357 -0.3813 0.8939
vn 0.1393 -0.5028 0.8531
vn 0.0953 0.7436 0.6618
vn 0.5355 -0.1935 0.8220
vn -0.7149 -0.6531 0.2499
vn 0.3285 0.1756 0.9280
vn 0.1066 -0.1918 0.9756
vn -0.1594 0.3563 -0.9207
vn 0.8623 -0.1652 0.4787
vn 0.5268 0.3197 0.7876
vn 0.2661 0.7130 0.6487
vn 0.5631 0.5932 0.5754
vn 0.4211 0.6619 0.6202
vn -0.2725 -0.4616 -0.8442
vn 0.3583 -0.8054 0.4722
vn 0.8507 0.1631 -0.4997
vn 0.4737 -0.4312 0.7679
vn 0.1223 -0.3884 0.9133
vn -0.9999 0.0128 -0.0009
vn 0.5807 0.3167 0.7500
vn 0.5777 0.1625 0.7999
vn -0.0113 0.9983 0.0563
vn 0.9513 -0.0442 -0.3051
vn 0.6810 -0.1909 -0.7069
vn 0.2813 -0.7677 -0.5757
vn 0.0113 0.9983 0.0563
vn 0.8306 0.4151 -0.3712
vn 0.7032 -0.0550 -0.7089
vn 0.7736 0.3507 -0.5278
vn 0.0032 -0.8653 -0.5012
vn 0.0081 0.9979 0.0639
vn 0.7209 0.0878 -0.6875
vn 0.6135 -0.3618 -0.7019
vn 0.0302 -0.8689 -0.4940
vn -0.0042 0.9982 0.0593
vn 0.7411 0.2258 -0.6323
vn 0.6441 -0.2805 -0.7117
vn 0.1007 -0.8535 -0.5113
vn 0.5234 -0.5246 -0.6714
vn 0.2642 0.0210 -0.9642
vn -0.4954 0.0796 0.8650
vn -0.8989 -0.2112 -0.3840
vn -0.9144 -0.2187 -0.3407
vn -0.7227 0.5456 -0.4242
vn 0.4032 -0.1294 -0.9059
vn -0.3547 -0.0748 0.9320
vn 0.4775 -0.8759 0.0687
vn -0.9592 -0.0323 -0.2810
vn -0.9363 -0.0393 -0.3491
vn -0.2281 0.9341 -0.2747
vn -0.3383 0.0536 0.9395
vn -0.3046 -0.0639 0.9503
vn -0.0671 -0.9846 -0.1614
vn 0.2827 -0.9564 -0.0737
vn 0.1782 0.5488 0.8167
vn 0.3304 0.9215 0.2041
vn 0.4292 -0.5852 -0.6880
vn -0.9988 0.0285 -0.0408
vn 0.4704 0.7432 -0.4758
vn 0.5029 0.1163 -0.8565
vn 0.1070 -0.1489 0.9831
vn 0.1633 -0.7732 0.6128
vn -0.9930 0.0387 -0.1112
vn -0.9859 0.1082 -0.1279
vn -0.9715 0.1436 -0.1886
vn -0.9584 0.1261 -0.2559
vn -0.9546 0.0646 -0.2909
vn -0.9621 0.0006 -0.2729
vn -0.9759 -0.0367 -0.2150
vn -0.9888 -0.0224 -0.1473
vn 0.9634 0.2679 0.0087
vn 0.8989 -0.2112 -0.3840
vn 0.9144 -0.2186 -0.3407
vn -0.4032 -0.1294 -0.9059
vn 0.9518 -0.0301 -0.3052
vn 0.3246 0.1201 0.9382
vn -0.1007 -0.8535 -0.5113
vn 0.2071 0.9272 -0.3121
vn 0.3547 -0.0748 0.9320
vn -0.2792 -0.7646 -0.5809
vn -0.2827 -0.9564 -0.0737
vn -0.4704 0.7432 -0.4758
vn 0.9930 0.0387 -0.1112
vn 0.9715 0.1435 -0.1886
vn 0.9584 0.1263 -0.2559
vn 0.9759 -0.0366 -0.2150
vn -0.1505 -0.7776 0.6105
vn -0.4292 -0.5852 -0.6880
vn 0.9545 0.0646 -0.2910
vn -0.1782 0.5488 0.8167
vn -0.5017 0.1167 -0.8572
vn 0.9990 0.0354 -0.0276
vn -0.3304 0.9215 0.2041
vn 0.9859 0.1080 -0.1279
vn -0.1059 -0.1491 0.9831
vn 0.9886 -0.0200 -0.1493
vn 0.9621 0.0005 -0.2728
vn -0.0935 0.1874 0.9778
vn -0.1112 0.3161 0.9422
vn -0.0809 0.3396 0.9371
vn 0.0762 0.3444 0.9357
vn -0.0157 0.3197 0.9474
vn 0.0047 0.2094 0.9778
vn -0.0000 0.3454 0.9385
vn 1.0000 -0.0000 -0.0000
vn -0.5000 -0.8127 0.2991
vn 0.5000 -0.8127 0.2991
vn 0.5000 0.8127 -0.2991
vn -0.0000 0.0699 0.9976
vn -0.0553 0.9960 -0.0701
vn 0.0545 0.9961 -0.0699
vn -0.9999 -0.0149 0.0010
vn 0.0314 -0.9970 0.0702
vn 0.0444 0.3179 -0.9471
vn -0.5702 -0.3042 0.7631
vn 0.1106 0.1093 -0.9878
vn 0.0518 -0.0599 -0.9969
vn -0.2975 0.9462 -0.1270
vn -0.2752 -0.6129 0.7407
vn -0.1813 -0.5357 0.8247
vn -0.2318 0.0849 -0.9691
vn -0.6227 -0.2250 -0.7494
vn -0.8652 -0.4171 -0.2782
vn -0.7813 -0.5986 0.1767
vn -0.4600 -0.6163 0.6392
vn -0.3275 -0.5433 0.7730
vn -0.6235 -0.0125 -0.7817
vn -0.8389 -0.1291 -0.5287
vn -0.9388 -0.2877 -0.1895
vn -0.8922 -0.4288 0.1420
vn -0.7589 -0.5198 0.3922
vn -0.4709 -0.5488 0.6907
vn -0.1541 -0.5809 0.7992
vn -0.3021 -0.5746 0.7606
vn -0.4748 -0.5469 0.6895
vn -0.5496 -0.4744 0.6876
vn -0.5863 -0.5329 0.6102
vn -0.7505 -0.5176 0.4108
vn -0.8759 -0.4593 0.1478
vn -0.9187 -0.3498 -0.1835
vn -0.8282 -0.1984 -0.5241
vn -0.6223 -0.0471 -0.7813
vn -0.7968 0.0342 -0.6033
vn -0.9197 -0.0215 -0.3920
vn -0.9867 -0.1037 -0.1249
vn -0.9758 -0.1786 0.1260
vn -0.8988 -0.2367 0.3690
vn -0.7894 -0.2688 0.5519
vn 0.2643 -0.0875 -0.9605
vn -0.9939 -0.0528 -0.0973
vn -0.9892 -0.0856 0.1188
vn -0.9338 -0.1214 0.3366
vn -0.8390 -0.1501 0.5230
vn 0.2315 0.0136 -0.9727
vn -0.9957 -0.0231 -0.0899
vn -0.9946 -0.0246 0.1011
vn -0.9543 -0.0314 0.2972
vn -0.8713 -0.0366 0.4894
vn -0.8751 -0.0665 -0.4793
vn -0.9742 0.1047 -0.1998
vn -0.9849 0.1665 -0.0466
vn -0.9838 0.1242 -0.1294
vn -0.9588 -0.0129 -0.2836
vn -0.9779 0.0035 -0.2091
vn -0.9298 -0.0673 -0.3619
vn -0.9935 0.0607 0.0961
vn -0.9606 0.0875 0.2637
vn -0.8858 0.1143 0.4497
vn -0.8772 0.0229 -0.4795
vn -0.9190 0.0485 -0.3912
vn -0.9690 0.0950 -0.2279
vn -0.9352 0.0724 -0.3467
vn -0.9814 0.1786 0.0701
vn -0.9474 0.2170 0.2354
vn -0.8729 0.2524 0.4175
vn -0.8506 0.1442 -0.5057
vn -0.9132 0.2140 -0.3469
vn -0.9447 0.2780 -0.1741
vn -0.9421 0.3351 0.0129
vn -0.9068 0.3749 0.1928
vn -0.8389 0.4011 0.3679
vn -0.7580 0.0080 -0.6522
vn -0.9045 -0.1228 -0.4083
vn -0.9601 -0.2305 -0.1584
vn -0.9324 -0.3271 0.1540
vn -0.8405 -0.3692 0.3966
vn -0.7282 -0.3861 0.5662
vn -0.6244 -0.3858 0.6792
vn -0.6639 -0.2922 0.6884
vn -0.7094 -0.1750 0.6828
vn -0.7415 -0.0388 0.6698
vn -0.7600 0.1386 0.6349
vn -0.7503 0.2838 0.5970
vn -0.7293 0.4251 0.5362
vn -0.6850 0.5614 0.4643
vn -0.7565 0.5793 0.3036
vn -0.8060 0.5769 0.1322
vn -0.8338 0.5498 -0.0507
vn -0.8360 0.4904 -0.2462
vn -0.8113 0.4117 -0.4151
vn -0.7683 0.3270 -0.5503
vn -0.4277 0.6158 -0.6616
vn -0.4363 0.7394 -0.5127
vn -0.4393 0.8240 -0.3579
vn -0.4382 0.8803 -0.1818
vn -0.4316 0.9021 -0.0056
vn -0.4288 0.8835 0.1887
vn -0.2628 0.6770 -0.6874
vn -0.2614 0.7997 -0.5406
vn -0.2595 0.8857 -0.3851
vn -0.2602 0.9415 -0.2143
vn -0.2601 0.9649 -0.0351
vn -0.2585 0.9542 0.1506
vn -0.0905 0.7027 -0.7057
vn -0.0875 0.8278 -0.5542
vn -0.0857 0.9132 -0.3983
vn -0.0865 0.9686 -0.2330
vn -0.0885 0.9944 -0.0574
vn -0.0900 0.9853 0.1453
vn -0.6070 0.4993 -0.6182
vn -0.6257 0.6152 -0.4797
vn -0.6357 0.7038 -0.3172
vn -0.6361 0.7613 -0.1261
vn -0.6274 0.7765 0.0584
vn -0.6060 0.7595 0.2364
vn -0.5564 0.7346 0.3884
vn -0.4245 0.8082 0.4082
vn -0.2681 0.8755 0.4021
vn -0.0956 0.9147 0.3927
vn -0.3603 -0.3605 0.8604
vn -0.2357 -0.3813 0.8939
vn -0.1223 -0.3884 0.9133
vn -0.3847 -0.2769 0.8805
vn -0.2303 -0.2214 0.9476
vn -0.1066 -0.1918 0.9756
vn -0.5202 0.0457 0.8528
vn -0.0314 -0.9970 0.0702
vn 0.0758 -0.9947 0.0694
vn -0.5256 0.0600 0.8486
vn 0.1313 0.9889 -0.0694
vn -0.1293 0.9892 -0.0690
vn -0.4144 0.4040 0.8155
vn -0.2388 0.3113 0.9198
vn -0.4084 0.4978 0.7651
vn -0.2485 0.5223 0.8158
vn -0.0867 0.5342 0.8409
vn -0.4737 -0.4312 0.7679
vn -0.3709 -0.4645 0.8042
vn -0.2423 -0.4944 0.8348
vn -0.1393 -0.5028 0.8531
vn -0.0893 0.7473 0.6585
vn -0.2512 0.7245 0.6419
vn -0.4000 0.6813 0.6130
vn -0.5277 0.6271 0.5729
vn -0.5776 0.4608 0.6738
vn -0.5894 0.3098 0.7461
vn -0.5845 0.1578 0.7959
vn -0.5714 -0.0408 0.8196
vn -0.5547 -0.2002 0.8076
vn -0.5072 -0.3272 0.7973
vn 0.3085 -0.4741 -0.8247
vn -0.3583 -0.8054 0.4722
vn -0.1012 -0.8525 0.5128
vn -0.8556 0.0774 0.5119
vn 0.7149 -0.6531 0.2499
vn 0.1756 0.4012 -0.8990
vn -0.4375 0.8341 0.3360
vn -0.2896 -0.3545 0.8891
vn 0.3144 -0.3255 -0.8917
vn -0.8214 -0.1573 0.5483
vn -0.8507 0.1631 -0.4997
vn -0.1469 0.3068 -0.9404
vn 0.7598 -0.2671 -0.5927
vn -0.7768 0.4846 -0.4023
vn -0.2940 -0.4027 0.8668
vn 0.3328 -0.3078 0.8914
vn 0.0871 0.9185 0.3858
vn 0.7683 0.3270 -0.5503
vn 0.3954 -0.3432 0.8520
vn -0.1404 0.3573 -0.9234
vn 0.0867 0.5342 0.8409
vn -0.1106 0.1093 -0.9878
vn 0.3240 0.9426 -0.0806
vn 0.6227 -0.2250 -0.7494
vn 0.7505 -0.5176 0.4108
vn 0.3021 -0.5746 0.7606
vn 0.2388 0.3113 0.9198
vn 0.6498 -0.5895 0.4799
vn 0.8652 -0.4171 -0.2782
vn 0.4187 -0.6309 0.6533
vn 0.1541 -0.5809 0.7992
vn 0.5496 -0.4744 0.6876
vn 0.8759 -0.4593 0.1478
vn 0.2931 -0.5504 0.7818
vn 0.5863 -0.5329 0.6102
vn 0.5702 -0.3042 0.7631
vn 0.4748 -0.5469 0.6895
vn 0.2318 0.0849 -0.9691
vn 0.9935 0.0607 0.0961
vn 0.9606 0.0875 0.2637
vn -0.6135 -0.3618 -0.7019
vn 0.0226 -0.9646 -0.2627
vn 0.9819 0.1833 0.0486
vn 0.9490 0.2198 0.2259
vn 0.2783 -0.1132 0.9538
vn -0.6441 -0.2805 -0.7117
vn 0.9432 0.2794 -0.1798
vn 0.9412 0.3379 0.0035
vn 0.9077 0.3811 0.1757
vn 0.9324 -0.3271 0.1540
vn 0.6639 -0.2922 0.6884
vn 0.7600 0.1386 0.6349
vn 0.9187 -0.3498 -0.1835
vn 0.8334 -0.0050 -0.5527
vn 0.9867 -0.1037 -0.1249
vn 0.9758 -0.1786 0.1260
vn 0.8922 -0.4288 0.1420
vn 0.8389 -0.1291 -0.5287
vn 0.4921 -0.5414 0.6817
vn 0.8988 -0.2367 0.3690
vn 0.7894 -0.2688 0.5519
vn 0.9543 -0.0314 0.2972
vn 0.8956 -0.1020 -0.4330
vn 0.8783 0.2573 0.4029
vn 0.8713 -0.0366 0.4894
vn 0.9338 -0.1214 0.3366
vn 0.6257 -0.5230 0.5788
vn 0.9388 -0.2877 -0.1895
vn 0.8390 -0.1501 0.5230
vn 0.8858 0.1143 0.4497
vn 0.6383 -0.0641 -0.7671
vn 0.8443 0.4111 0.3437
vn -0.0518 -0.0599 -0.9969
vn 0.7589 -0.5198 0.3922
vn 0.7813 -0.5986 0.1767
vn 0.9946 -0.0246 0.1011
vn 0.8729 -0.0654 -0.4834
vn 0.9588 -0.0129 -0.2836
vn 0.9298 -0.0673 -0.3619
vn 0.9779 0.0035 -0.2091
vn 0.8506 0.1442 -0.5057
vn -0.5096 -0.5248 -0.6819
vn 0.7387 0.4340 0.5158
vn 0.9132 0.2140 -0.3469
vn 0.6235 -0.0125 -0.7817
vn 0.6957 0.5899 0.4099
vn 0.8341 -0.2118 -0.5093
vn 0.9352 -0.0492 -0.3508
vn 0.9939 -0.0528 -0.0973
vn 0.8405 -0.3692 0.3966
vn 0.8772 0.0229 -0.4795
vn 0.9957 -0.0231 -0.0899
vn 0.9892 -0.0856 0.1187
vn 0.8289 0.5553 -0.0673
vn 0.0910 0.7030 -0.7053
vn 0.0879 0.8280 -0.5538
vn 0.0885 0.9944 -0.0574
vn 0.7094 -0.1750 0.6828
vn 0.7282 -0.3861 0.5662
vn 0.2560 0.8850 -0.3889
vn 0.7588 0.2894 0.5834
vn 0.9601 -0.2305 -0.1584
vn 0.4338 0.8238 -0.3649
vn 0.4215 0.9066 -0.0199
vn 0.0847 0.9129 -0.3994
vn 0.8346 0.4912 -0.2494
vn 0.7553 0.5983 0.2675
vn 0.6244 -0.3858 0.6792
vn 0.2519 0.9415 -0.2239
vn 0.4289 0.8821 -0.1948
vn 0.2614 0.6762 -0.6888
vn 0.7415 -0.0388 0.6698
vn 0.9190 0.0486 -0.3912
vn 0.9506 0.0682 -0.3029
vn 0.9352 0.0724 -0.3467
vn -0.2643 -0.0875 -0.9605
vn 0.6340 0.7041 -0.3198
vn 0.2509 0.9669 -0.0457
vn 0.6253 0.7666 -0.1460
vn 0.0829 0.9680 -0.2367
vn 0.4323 0.7386 -0.5173
vn 0.2585 0.9542 0.1506
vn 0.4100 0.8972 0.1643
vn 0.4353 0.6189 -0.6538
vn 0.2594 0.7990 -0.5425
vn 0.0042 0.9982 0.0593
vn 0.8158 0.4103 -0.4076
vn 0.6339 0.6151 -0.4688
vn -0.0234 -0.8632 -0.5043
vn -0.2044 0.0695 -0.9764
vn -0.7178 0.3466 -0.6039
vn 0.0900 0.9853 0.1453
vn 0.8014 0.5889 0.1045
vn 0.7743 -0.0143 -0.6327
vn -0.7074 0.2231 -0.6707
vn -0.0032 -0.8653 -0.5012
vn -0.0081 0.9979 0.0639
vn -0.7209 0.0878 -0.6875
vn -0.6810 -0.1909 -0.7069
vn -0.8306 0.4151 -0.3712
vn 0.6193 0.5010 -0.6045
vn 0.6118 0.7906 0.0246
vn 0.5564 0.7346 0.3884
vn -0.7598 -0.2670 -0.5927
vn 0.0945 -0.7624 0.6402
vn 0.4084 0.4978 0.7651
vn 0.8556 0.0774 0.5119
vn 0.3031 -0.4015 0.8643
vn 0.2467 0.8895 0.3845
vn 0.2744 -0.4796 0.8335
vn -0.7032 -0.0550 -0.7088
vn 0.5911 0.7809 0.2019
vn 0.7768 0.4845 -0.4023
vn 0.1469 0.3068 -0.9404
vn 0.5776 0.4608 0.6738
vn -0.0778 -0.9945 0.0698
vn 0.5299 -0.3155 0.7872
vn 0.3302 -0.0404 0.9430
vn 0.4015 0.8298 0.3875
vn 0.5714 -0.0408 0.8196
vn 0.4025 -0.4461 0.7994
vn -0.3085 -0.4741 -0.8247
vn 0.4375 0.8341 0.3360
vn 0.2485 0.5223 0.8158
vn 0.5277 -0.2030 0.8248
vn 0.0456 -0.2917 0.9554
vn 0.2595 -0.3712 0.8916
vn 0.1364 -0.5038 0.8530
vn 0.0893 0.7473 0.6585
vn 0.5547 -0.2002 0.8076
vn -0.6734 -0.5310 0.5144
vn 0.5256 0.0600 0.8486
vn 0.0155 -0.2250 0.9742
vn -0.1756 0.4012 -0.8990
vn 0.8214 -0.1573 0.5483
vn 0.4144 0.4040 0.8155
vn 0.2512 0.7245 0.6419
vn 0.5277 0.6272 0.5729
vn 0.4000 0.6813 0.6130
vn -0.3144 -0.3255 -0.8917
vn 0.3016 -0.7804 0.5478
vn 0.8758 0.1331 -0.4641
vn 0.5162 -0.4064 0.7539
vn 0.1219 -0.3885 0.9133
vn 0.5894 0.3098 0.7461
vn 0.5845 0.1578 0.7959
vn -0.0108 0.9991 0.0422
vn 0.9592 -0.0323 -0.2810
vn 0.6522 -0.1898 -0.7339
vn 0.2792 -0.7646 -0.5809
vn 0.0108 0.9991 0.0422
vn 0.7479 0.4291 -0.5065
vn 0.6845 -0.0539 -0.7271
vn 0.7178 0.3466 -0.6039
vn 0.0042 -0.8623 -0.5065
vn 0.0051 0.9983 0.0581
vn 0.6972 0.0912 -0.7110
vn 0.5979 -0.3557 -0.7183
vn 0.0234 -0.8632 -0.5043
vn -0.0029 0.9979 0.0645
vn 0.7074 0.2231 -0.6707
vn 0.6321 -0.2787 -0.7231
vn 0.0983 -0.8522 -0.5139
vn 0.5096 -0.5248 -0.6819
vn -0.9177 -0.1994 -0.3437
vn -0.9250 -0.2055 -0.3195
vn -0.7227 0.5457 -0.4242
vn 0.4775 -0.8759 0.0686
vn -0.9513 -0.0442 -0.3051
vn -0.9518 -0.0301 -0.3052
vn -0.2071 0.9272 -0.3121
vn -0.3246 0.1201 0.9382
vn -0.2783 -0.1132 0.9538
vn -0.0226 -0.9646 -0.2627
vn 0.2979 -0.9518 -0.0731
vn 0.1705 0.5521 0.8161
vn 0.3299 0.9217 0.2039
vn 0.4304 -0.5848 -0.6876
vn -0.9950 0.0241 -0.0967
vn -0.9992 0.0375 -0.0147
vn -0.9892 -0.0255 -0.1442
vn 0.4584 0.7458 -0.4834
vn 0.5017 0.1167 -0.8571
vn 0.1059 -0.1491 0.9831
vn 0.1505 -0.7776 0.6104
vn -0.9714 0.1449 -0.1883
vn -0.9585 0.1260 -0.2559
vn -0.9542 0.0649 -0.2920
vn -0.9614 -0.0009 -0.2752
vn -0.9760 -0.0357 -0.2149
vn -0.9886 -0.0200 -0.1494
vn 0.9742 0.1047 -0.1998
vn 0.9838 0.1242 -0.1294
vn 0.9849 0.1665 -0.0466
vn 0.9177 -0.1993 -0.3437
vn 0.9250 -0.2055 -0.3195
vn 0.9363 -0.0393 -0.3491
vn 0.3383 0.0536 0.9395
vn -0.0983 -0.8522 -0.5139
vn 0.2281 0.9341 -0.2747
vn -0.2813 -0.7677 -0.5757
vn -0.2979 -0.9518 -0.0731
vn -0.4584 0.7458 -0.4834
vn 0.9930 0.0386 -0.1112
vn 0.9714 0.1450 -0.1883
vn 0.9585 0.1260 -0.2559
vn 0.9760 -0.0357 -0.2148
vn -0.1633 -0.7732 0.6127
vn -0.4304 -0.5848 -0.6876
vn 0.9542 0.0648 -0.2920
vn -0.1705 0.5521 0.8161
vn -0.5028 0.1163 -0.8565
vn 0.9950 0.0240 -0.0967
vn 0.9996 0.0241 -0.0115
vn 0.9892 -0.0255 -0.1442
vn -0.3299 0.9217 0.2039
vn 0.9859 0.1082 -0.1279
vn -0.1070 -0.1488 0.9831
vn 0.9888 -0.0224 -0.1473
vn 0.9614 -0.0009 -0.2752
vn -0.0047 0.2094 0.9778
vn -0.0762 0.3444 0.9357
vn 0.0157 0.3197 0.9474
vn 0.1112 0.3161 0.9422
vn 0.0809 0.3396 0.9371
vn 0.0935 0.1874 0.9778
vn -0.0545 0.9961 -0.0699
vn 0.0553 0.9960 -0.0701
vn 0.0308 -0.9971 0.0700
vn -0.0000 0.0613 0.9981
vn -0.6382 0.0601 -0.7675
vn -0.1161 0.1290 -0.9848
vn 0.9286 0.0097 -0.3710
vn -0.5499 0.1654 -0.8187
vn -0.3137 0.1221 -0.9416
vn -0.5742 0.3665 -0.7321
vn -0.6573 -0.0787 -0.7495
vn -0.6801 -0.1623 -0.7149
vn -0.5545 -0.1609 -0.8165
vn -0.5072 -0.0206 -0.8616
vn -0.4767 0.0680 -0.8764
vn -0.0941 0.5077 -0.8564
vn -0.5890 0.0426 -0.8070
vn -0.2729 0.2720 -0.9228
vn 0.8923 -0.1105 -0.4377
vn 0.5197 0.0067 -0.8543
vn -0.1474 0.1036 -0.9836
vn -0.3165 0.0891 -0.9444
vn 0.9016 -0.0060 -0.4326
vn -0.1949 -0.1081 -0.9748
vn -0.3530 -0.0620 -0.9336
vn -0.3102 -0.3444 -0.8861
vn -0.4777 -0.2466 -0.8432
vn 0.5601 -0.0155 -0.8283
vn -0.4749 -0.2276 -0.8501
vn -0.6213 -0.1905 -0.7601
vn 0.7116 -0.0979 -0.6957
vn -0.4098 -0.0134 -0.9121
vn -0.5778 -0.0547 -0.8143
vn -0.3183 0.2170 -0.9228
vn -0.4751 0.1317 -0.8700
vn -0.8389 -0.0519 -0.5417
vn -0.1655 0.0547 -0.9847
vn -0.4045 0.0241 -0.9142
vn -0.5330 0.0027 -0.8461
vn -0.6351 0.0470 -0.7710
vn -0.6825 -0.0189 -0.7306
vn -0.7116 -0.0979 -0.6957
vn -0.7610 -0.1223 -0.6371
vn -0.7627 -0.0565 -0.6443
vn -0.7485 0.0630 -0.6602
vn -0.6911 0.2217 -0.6879
vn -0.4367 0.4339 -0.7880
vn -0.4264 0.2140 -0.8788
vn -0.2757 0.4845 -0.8302
vn 0.8357 0.2255 -0.5007
vn -0.9121 -0.0557 -0.4061
vn 0.8399 0.2292 -0.4920
vn -0.8822 -0.0175 -0.4705
vn 0.8435 0.2000 -0.4985
vn -0.8452 0.0633 -0.5306
vn -0.8707 0.0572 -0.4886
vn 0.8137 0.1112 -0.5705
vn -0.8935 0.0077 -0.4489
vn 0.7857 0.1268 -0.6055
vn -0.9057 -0.0836 -0.4155
vn 0.7566 0.1582 -0.6345
vn -0.6421 0.1839 -0.7443
vn -0.7005 0.2210 -0.6786
vn -0.6397 0.0227 -0.7683
vn -0.7059 0.0445 -0.7069
vn -0.6619 -0.0896 -0.7442
vn -0.7175 -0.0737 -0.6927
vn -0.6781 -0.1534 -0.7188
vn -0.7189 -0.1385 -0.6812
vn -0.6515 -0.1082 -0.7509
vn -0.6940 -0.0998 -0.7130
vn -0.5796 -0.0147 -0.8148
vn -0.6578 -0.0172 -0.7530
vn -0.5483 0.0599 -0.8341
vn -0.6282 0.0484 -0.7766
vn -0.5202 0.0827 -0.8500
vn -0.5903 0.0683 -0.8043
vn 0.8337 0.0687 -0.5479
vn -0.8488 0.0461 -0.5267
vn 0.8138 0.0862 -0.5747
vn -0.8741 0.0244 -0.4851
vn 0.7978 0.1123 -0.5924
vn -0.9000 -0.0063 -0.4357
vn 0.8279 -0.0508 -0.5586
vn -0.8553 -0.0615 -0.5144
vn 0.8084 -0.0175 -0.5884
vn -0.8793 -0.0589 -0.4725
vn 0.7957 0.0264 -0.6052
vn -0.9033 -0.0447 -0.4267
vn 0.8139 -0.2150 -0.5397
vn -0.8701 -0.1876 -0.4559
vn 0.7834 -0.1747 -0.5964
vn -0.9015 -0.1340 -0.4115
vn 0.7766 -0.1130 -0.6198
vn -0.9188 -0.0897 -0.3845
vn 0.7885 -0.1710 -0.5907
vn -0.8923 -0.1105 -0.4377
vn 0.7335 -0.1904 -0.6525
vn -0.9232 -0.0818 -0.3756
vn 0.7304 -0.1919 -0.6555
vn -0.9377 -0.0600 -0.3423
vn 0.8008 -0.0405 -0.5975
vn -0.8992 0.0081 -0.4374
vn 0.7477 -0.1104 -0.6548
vn -0.9286 0.0097 -0.3710
vn 0.7346 -0.1836 -0.6532
vn -0.9418 0.0207 -0.3357
vn 0.7828 0.1119 -0.6122
vn -0.8697 0.1435 -0.4723
vn 0.7495 0.0193 -0.6617
vn -0.9088 0.1286 -0.3969
vn 0.7449 -0.1293 -0.6545
vn -0.9295 0.1144 -0.3506
vn 0.8383 0.0834 -0.5387
vn -0.8463 0.0561 -0.5298
vn 0.8152 0.1035 -0.5698
vn -0.8712 0.0434 -0.4891
vn 0.7968 0.1257 -0.5910
vn -0.8990 0.0159 -0.4377
vn -0.9089 0.1460 -0.3905
vn 0.7836 0.0144 -0.6211
vn -0.8886 0.1425 -0.4360
vn 0.7889 0.1074 -0.6051
vn -0.8624 0.1607 -0.4800
vn 0.8072 0.1562 -0.5692
vn -0.4634 0.0999 -0.8805
vn 0.0694 -0.3965 -0.9154
vn 0.9418 0.0207 -0.3357
vn -0.8137 0.1112 -0.5705
vn 0.9295 0.1144 -0.3506
vn -0.5906 -0.3209 -0.7404
vn 0.1053 0.2888 -0.9516
vn 0.8707 0.0572 -0.4885
vn -0.7449 -0.1293 -0.6545
vn 0.8992 0.0081 -0.4374
vn 0.5762 0.0842 -0.8129
vn 0.8701 -0.1876 -0.4559
vn -0.7885 -0.1710 -0.5908
vn 0.8478 0.0563 -0.5274
vn -0.7455 -0.1099 -0.6574
vn -0.7836 0.0144 -0.6211
vn 0.8714 0.0434 -0.4886
vn -0.8072 0.1562 -0.5692
vn 0.8975 0.0156 -0.4406
vn -0.7991 0.1248 -0.5882
vn 0.0169 -0.1264 -0.9918
vn -0.6096 0.1957 -0.7682
vn -0.0228 0.1040 -0.9943
vn -0.6315 -0.0986 -0.7691
vn -0.6397 0.1895 -0.7449
vn 0.8628 0.1608 -0.4793
vn -0.6082 -0.2122 -0.7649
vn 0.8650 0.1422 -0.4811
vn 0.9188 -0.0897 -0.3845
vn -0.7784 -0.2244 -0.5863
vn -0.0508 0.1247 -0.9909
vn -0.6153 0.1202 -0.7791
vn -0.0680 0.0525 -0.9963
vn -0.6227 0.0062 -0.7824
vn -0.7889 0.1074 -0.6051
vn -0.6014 0.2330 -0.7642
vn -0.6388 0.0799 -0.7652
vn 0.9136 0.1519 -0.3773
vn 0.1457 -0.2622 -0.9540
vn 0.0941 0.5077 -0.8564
vn 0.0508 0.1247 -0.9909
vn -0.8172 0.0850 -0.5700
vn 0.5890 -0.1214 -0.7990
vn 0.4825 -0.0434 -0.8748
vn -0.7496 0.0193 -0.6617
vn 0.3102 -0.3444 -0.8861
vn -0.7566 0.1582 -0.6345
vn -0.7857 0.1268 -0.6055
vn 0.6616 -0.1073 -0.7422
vn -0.0996 0.2910 -0.9515
vn 0.0228 0.1040 -0.9943
vn 0.3183 0.2446 -0.9159
vn -0.0169 -0.1264 -0.9918
vn 0.6382 0.0601 -0.7675
vn -0.0694 -0.3965 -0.9154
vn 0.6397 0.0227 -0.7683
vn -0.1549 -0.2639 -0.9520
vn 0.6351 0.0470 -0.7710
vn -0.7453 -0.1142 -0.6569
vn -0.1231 0.0080 -0.9924
vn -0.1051 0.2456 -0.9637
vn 0.9054 -0.0450 -0.4223
vn 0.6632 0.1979 -0.7218
vn 0.0338 0.0439 -0.9985
vn 0.5345 0.0817 -0.8412
vn 0.5246 0.0617 -0.8491
vn 0.9121 -0.0557 -0.4061
vn 0.5895 0.0518 -0.8061
vn 0.8822 -0.0175 -0.4705
vn 0.1474 0.1036 -0.9836
vn 0.9057 -0.0836 -0.4155
vn -0.8000 0.1117 -0.5895
vn -0.8357 0.2255 -0.5007
vn -0.7329 -0.1918 -0.6527
vn 0.4623 -0.2245 -0.8578
vn 0.6253 -0.0724 -0.7770
vn 0.6619 -0.0897 -0.7442
vn 0.7569 -0.0548 -0.6512
vn -0.8350 0.0682 -0.5460
vn 0.4777 -0.2466 -0.8432
vn 0.2624 0.4769 -0.8389
vn 0.5072 -0.0206 -0.8616
vn 0.6316 -0.0184 -0.7751
vn -0.7362 -0.1903 -0.6494
vn 0.3530 -0.0620 -0.9336
vn 0.7059 0.0445 -0.7069
vn 0.5545 -0.1609 -0.8165
vn 0.8452 0.0633 -0.5306
vn 0.6781 -0.1534 -0.7188
vn -0.8071 -0.0173 -0.5902
vn 0.1391 0.0492 -0.9891
vn 0.4767 0.0680 -0.8764
vn 0.6911 0.2217 -0.6879
vn 0.7175 -0.0738 -0.6927
vn 0.6050 -0.1866 -0.7741
vn -0.7885 -0.0365 -0.6139
vn 0.3165 0.0891 -0.9444
vn 0.1949 -0.1081 -0.9748
vn 0.3137 0.1221 -0.9416
vn 0.4233 0.4282 -0.7984
vn 0.5694 0.3830 -0.7274
vn 0.9232 -0.0818 -0.3756
vn 0.6517 0.0270 -0.7580
vn 0.7413 0.0650 -0.6680
vn 0.8510 0.0463 -0.5232
vn -0.8399 0.2292 -0.4920
vn 0.8935 0.0077 -0.4489
vn 0.4750 0.1856 -0.8602
vn 0.1161 0.1290 -0.9848
vn 0.8553 -0.0615 -0.5144
vn 0.6583 -0.1584 -0.7359
vn -0.8435 0.2000 -0.4985
vn 0.6397 0.1895 -0.7449
vn 0.8743 0.0244 -0.4848
vn 0.6153 0.1202 -0.7791
vn 0.6388 0.0799 -0.7652
vn 0.9198 -0.0366 -0.3907
vn 0.6307 -0.0985 -0.7698
vn 0.9377 -0.0600 -0.3423
vn 0.5974 -0.3205 -0.7351
vn 0.9015 -0.1340 -0.4115
vn 0.6103 -0.2124 -0.7632
vn 0.7189 -0.1385 -0.6812
vn 0.6227 0.0062 -0.7824
vn 0.6800 -0.0838 -0.7284
vn 0.6096 0.1957 -0.7682
vn 0.5788 0.1587 -0.7999
vn 0.6435 0.0960 -0.7594
vn 0.6421 0.1839 -0.7443
vn 0.3776 0.0229 -0.9257
vn 0.6014 0.2330 -0.7642
vn 0.5903 0.0682 -0.8043
vn -0.8159 0.1032 -0.5689
vn -0.7353 -0.1814 -0.6530
vn -0.7920 0.0270 -0.6099
vn 0.8976 0.1206 -0.4241
vn 0.8948 0.1465 -0.4217
vn -0.7827 0.1119 -0.6122
vn 0.1591 -0.0017 -0.9873
vn 0.6825 -0.0189 -0.7306
vn 0.4634 0.0999 -0.8805
vn 0.1236 0.2398 -0.9629
vn 0.4080 0.1715 -0.8967
vn 0.7387 -0.1156 -0.6641
vn -0.7363 -0.1839 -0.6512
vn -0.8345 0.0852 -0.5444
vn -0.6828 -0.6357 0.3600
vn -0.7171 -0.0867 0.6915
vn -0.7248 0.6870 -0.0523
vn -0.3697 0.1447 -0.9178
vn -0.4342 -0.4634 -0.7725
vn -0.7980 0.5374 -0.2727
vn -0.7719 0.4679 0.4303
vn -0.5633 -0.7922 -0.2349
vn -0.8444 0.3760 0.3816
vn -0.6506 0.7077 0.2755
vn 0.3396 0.9227 0.1827
vn 0.3784 0.8608 -0.3404
vn -0.8035 0.1038 -0.5862
vn -0.8695 -0.1561 -0.4686
vn -0.9406 -0.2431 -0.2369
vn -0.9805 -0.0124 0.1961
vn -0.6435 0.0960 -0.7594
vn 0.7182 0.6937 -0.0549
vn 0.7171 -0.0867 0.6915
vn 0.6784 -0.6372 0.3657
vn 0.8444 0.3760 0.3816
vn 0.3697 0.1447 -0.9178
vn 0.4083 0.6938 -0.5933
vn 0.9376 -0.2266 -0.2638
vn -0.3396 0.9226 0.1827
vn 0.7166 0.5147 -0.4707
vn 0.7876 0.1228 -0.6038
vn -0.9857 -0.0404 -0.1635
vn 0.4293 -0.4679 -0.7725
vn 0.9805 -0.0124 0.1961
vn 0.6506 0.7077 0.2755
vn 0.7719 0.4679 0.4303
vn 0.5635 -0.7920 -0.2351
vn -0.1344 0.1326 -0.9820
vn 0.9159 0.0168 -0.4010
vn -0.5788 0.1587 -0.7999
vn -0.2982 0.1198 -0.9469
vn -0.5694 0.3830 -0.7274
vn -0.5809 0.3706 -0.7247
vn -0.6800 -0.0839 -0.7284
vn -0.6583 -0.1584 -0.7359
vn -0.6578 -0.1154 -0.7443
vn -0.5392 -0.0140 -0.8421
vn -0.4870 0.0686 -0.8707
vn -0.1003 0.5040 -0.8579
vn -0.6517 0.0270 -0.7580
vn -0.3183 0.2446 -0.9159
vn 0.8941 -0.1104 -0.4341
vn 0.5754 -0.0105 -0.8178
vn 0.5339 0.0298 -0.8450
vn -0.1367 0.1014 -0.9854
vn -0.3024 0.0870 -0.9492
vn 0.9000 -0.0063 -0.4357
vn -0.2829 -0.0835 -0.9555
vn -0.4514 -0.0356 -0.8916
vn -0.4599 -0.2802 -0.8426
vn -0.6050 -0.1838 -0.7747
vn 0.5796 -0.0147 -0.8148
vn -0.4623 -0.2245 -0.8578
vn -0.6050 -0.1866 -0.7741
vn 0.7379 -0.0822 -0.6699
vn -0.4825 -0.0434 -0.8748
vn -0.6253 -0.0724 -0.7770
vn -0.4080 0.1715 -0.8967
vn -0.5762 0.0842 -0.8129
vn -0.8279 -0.0508 -0.5586
vn -0.1391 0.0492 -0.9891
vn -0.3776 0.0229 -0.9257
vn -0.5754 -0.0105 -0.8178
vn -0.5089 0.0125 -0.8607
vn -0.6833 0.0490 -0.7285
vn -0.7101 -0.0105 -0.7041
vn -0.7379 -0.0822 -0.6699
vn -0.7387 -0.1156 -0.6641
vn -0.7569 -0.0548 -0.6512
vn -0.7413 0.0650 -0.6680
vn -0.4233 0.4282 -0.7984
vn -0.4750 0.1856 -0.8602
vn -0.2624 0.4769 -0.8389
vn -0.6123 0.1879 -0.7680
vn -0.6632 0.1979 -0.7218
vn -0.6520 0.0241 -0.7578
vn -0.7009 0.0439 -0.7119
vn -0.6766 -0.0877 -0.7311
vn -0.7159 -0.0740 -0.6943
vn -0.6524 -0.1559 -0.7416
vn -0.6948 -0.1414 -0.7052
vn -0.5890 -0.1214 -0.7990
vn -0.6616 -0.1073 -0.7422
vn -0.5601 -0.0155 -0.8283
vn -0.6316 -0.0184 -0.7751
vn -0.5246 0.0617 -0.8491
vn -0.5895 0.0519 -0.8061
vn -0.5345 0.0817 -0.8412
vn -0.5883 0.0690 -0.8057
vn 0.8350 0.0682 -0.5460
vn -0.8510 0.0463 -0.5232
vn 0.8172 0.0850 -0.5700
vn -0.8743 0.0244 -0.4847
vn 0.8000 0.1116 -0.5895
vn -0.9016 -0.0060 -0.4326
vn 0.8389 -0.0519 -0.5417
vn -0.8808 -0.0653 -0.4689
vn 0.8071 -0.0173 -0.5902
vn -0.9054 -0.0450 -0.4223
vn 0.7920 0.0270 -0.6099
vn -0.9198 -0.0366 -0.3907
vn 0.7784 -0.2244 -0.5863
vn -0.8834 -0.1831 -0.4315
vn 0.7353 -0.1813 -0.6530
vn -0.9190 -0.1315 -0.3716
vn 0.7453 -0.1142 -0.6569
vn -0.9360 -0.0920 -0.3398
vn 0.7885 -0.1710 -0.5908
vn -0.8941 -0.1104 -0.4341
vn 0.7362 -0.1903 -0.6494
vn -0.9261 -0.0820 -0.3683
vn 0.7329 -0.1918 -0.6527
vn -0.9412 -0.0604 -0.3325
vn 0.7885 -0.0365 -0.6139
vn -0.8780 0.0194 -0.4782
vn 0.7455 -0.1099 -0.6574
vn -0.9159 0.0168 -0.4010
vn 0.7363 -0.1839 -0.6512
vn -0.9358 0.0235 -0.3517
vn 0.8022 0.1137 -0.5861
vn -0.8650 0.1423 -0.4811
vn 0.7823 0.0247 -0.6224
vn -0.8976 0.1206 -0.4241
vn 0.7750 -0.1213 -0.6202
vn -0.9167 0.1258 -0.3792
vn 0.8345 0.0852 -0.5444
vn -0.8477 0.0563 -0.5274
vn 0.8159 0.1032 -0.5689
vn -0.8714 0.0434 -0.4886
vn 0.7991 0.1248 -0.5882
vn -0.8975 0.0156 -0.4406
vn -0.9136 0.1519 -0.3773
vn 0.7807 0.0135 -0.6248
vn -0.8948 0.1465 -0.4217
vn 0.7755 0.1044 -0.6227
vn -0.8628 0.1608 -0.4793
vn 0.7968 0.1543 -0.5842
vn -0.4640 0.0999 -0.8802
vn 0.1438 -0.3801 -0.9137
vn 0.9358 0.0235 -0.3517
vn 0.9167 0.1258 -0.3792
vn -0.5974 -0.3205 -0.7351
vn 0.0996 0.2910 -0.9515
vn -0.7750 -0.1213 -0.6202
vn 0.8780 0.0194 -0.4782
vn 0.4751 0.1317 -0.8700
vn 0.8834 -0.1831 -0.4314
vn -0.7885 -0.1710 -0.5907
vn 0.8463 0.0561 -0.5298
vn -0.7477 -0.1104 -0.6548
vn -0.7807 0.0135 -0.6248
vn 0.8712 0.0434 -0.4891
vn -0.7968 0.1543 -0.5842
vn 0.8990 0.0159 -0.4377
vn -0.7968 0.1257 -0.5910
vn 0.0543 -0.1195 -0.9913
vn -0.6080 0.1952 -0.7696
vn -0.0082 0.1063 -0.9943
vn -0.6307 -0.0985 -0.7698
vn 0.8624 0.1607 -0.4800
vn -0.6103 -0.2124 -0.7632
vn 0.8697 0.1435 -0.4723
vn 0.9360 -0.0920 -0.3398
vn -0.8139 -0.2150 -0.5397
vn -0.0264 0.1284 -0.9914
vn -0.0374 0.0611 -0.9974
vn -0.6225 0.0061 -0.7826
vn -0.7755 0.1044 -0.6227
vn -0.6024 0.2335 -0.7633
vn -0.6365 0.0795 -0.7672
vn 0.9089 0.1461 -0.3905
vn 0.1549 -0.2639 -0.9520
vn 0.1003 0.5040 -0.8579
vn 0.0264 0.1284 -0.9914
vn -0.8138 0.0862 -0.5747
vn 0.6515 -0.1082 -0.7509
vn 0.4098 -0.0134 -0.9121
vn -0.7823 0.0247 -0.6224
vn 0.4599 -0.2802 -0.8426
vn 0.6940 -0.0998 -0.7130
vn -0.1053 0.2888 -0.9516
vn 0.0082 0.1063 -0.9943
vn 0.2729 0.2720 -0.9228
vn -0.0543 -0.1195 -0.9913
vn -0.1438 -0.3801 -0.9137
vn 0.6520 0.0241 -0.7578
vn -0.1457 -0.2622 -0.9540
vn 0.6833 0.0490 -0.7285
vn -0.7766 -0.1130 -0.6198
vn -0.1591 -0.0017 -0.9873
vn -0.1236 0.2398 -0.9629
vn 0.8793 -0.0589 -0.4725
vn 0.7005 0.2210 -0.6786
vn 0.0679 0.0599 -0.9959
vn 0.5202 0.0827 -0.8500
vn 0.5483 0.0599 -0.8341
vn 0.6282 0.0484 -0.7766
vn 0.1367 0.1014 -0.9854
vn -0.7978 0.1123 -0.5924
vn -0.7304 -0.1919 -0.6555
vn 0.4749 -0.2276 -0.8501
vn 0.5778 -0.0547 -0.8143
vn 0.6766 -0.0877 -0.7311
vn 0.7627 -0.0565 -0.6443
vn -0.8337 0.0687 -0.5479
vn 0.6050 -0.1838 -0.7747
vn 0.2757 0.4845 -0.8302
vn 0.5392 -0.0140 -0.8421
vn 0.6578 -0.0172 -0.7530
vn -0.7335 -0.1904 -0.6525
vn 0.4514 -0.0356 -0.8916
vn 0.7010 0.0439 -0.7119
vn 0.6578 -0.1154 -0.7443
vn 0.6524 -0.1559 -0.7416
vn -0.8084 -0.0175 -0.5884
vn 0.1655 0.0547 -0.9847
vn 0.4870 0.0686 -0.8707
vn 0.7159 -0.0740 -0.6943
vn 0.6213 -0.1905 -0.7601
vn -0.8008 -0.0405 -0.5975
vn 0.3024 0.0870 -0.9492
vn 0.2829 -0.0835 -0.9555
vn 0.2982 0.1198 -0.9469
vn 0.4367 0.4339 -0.7880
vn 0.5792 0.3657 -0.7285
vn 0.9261 -0.0820 -0.3683
vn 0.5890 0.0426 -0.8070
vn 0.7485 0.0630 -0.6602
vn 0.8488 0.0461 -0.5266
vn 0.4264 0.2140 -0.8788
vn 0.1344 0.1326 -0.9820
vn 0.8808 -0.0653 -0.4689
vn 0.6801 -0.1623 -0.7149
vn 0.8741 0.0244 -0.4851
vn 0.6365 0.0795 -0.7672
vn 0.9033 -0.0447 -0.4267
vn 0.6315 -0.0986 -0.7691
vn 0.9412 -0.0604 -0.3325
vn 0.5906 -0.3209 -0.7404
vn 0.9190 -0.1315 -0.3716
vn 0.6082 -0.2122 -0.7649
vn 0.6948 -0.1414 -0.7052
vn 0.6225 0.0061 -0.7826
vn 0.6573 -0.0787 -0.7495
vn 0.6080 0.1952 -0.7696
vn 0.5499 0.1654 -0.8187
vn 0.6385 0.0953 -0.7637
vn 0.6123 0.1879 -0.7680
vn 0.4045 0.0241 -0.9142
vn 0.6024 0.2335 -0.7632
vn 0.5883 0.0690 -0.8057
vn -0.8152 0.1035 -0.5698
vn -0.7834 -0.1747 -0.5964
vn -0.7957 0.0264 -0.6052
vn 0.9088 0.1286 -0.3969
vn 0.8886 0.1425 -0.4360
vn -0.8022 0.1137 -0.5861
vn 0.1231 0.0080 -0.9924
vn 0.7101 -0.0105 -0.7041
vn 0.4640 0.0999 -0.8802
vn 0.1051 0.2456 -0.9637
vn 0.3183 0.2170 -0.9228
vn 0.7610 -0.1223 -0.6371
vn -0.7346 -0.1836 -0.6532
vn -0.8383 0.0834 -0.5387
vn -0.6784 -0.6372 0.3657
vn -0.8973 0.1112 0.4272
vn -0.7182 0.6936 -0.0549
vn -0.3708 0.1441 -0.9175
vn -0.4293 -0.4679 -0.7725
vn -0.4083 0.6938 -0.5933
vn -0.8001 0.4790 0.3610
vn -0.5635 -0.7919 -0.2351
vn -0.9059 0.1098 0.4089
vn -0.6538 0.5339 0.5362
vn 0.7041 0.5641 0.4313
vn 0.9857 -0.0404 -0.1635
vn -0.7166 0.5147 -0.4707
vn -0.7876 0.1229 -0.6038
vn -0.9376 -0.2266 -0.2638
vn -0.9754 -0.2203 0.0032
vn -0.6385 0.0953 -0.7637
vn 0.7248 0.6870 -0.0523
vn 0.8973 0.1112 0.4271
vn 0.6828 -0.6357 0.3600
vn 0.9059 0.1098 0.4089
vn 0.3708 0.1441 -0.9175
vn 0.7981 0.5374 -0.2727
vn 0.9406 -0.2431 -0.2369
vn -0.7043 0.5638 0.4314
vn 0.8035 0.1038 -0.5862
vn 0.8695 -0.1560 -0.4686
vn -0.3784 0.8608 -0.3404
vn 0.4342 -0.4634 -0.7725
vn 0.9754 -0.2204 0.0032
vn 0.6538 0.5339 0.5362
vn 0.8001 0.4790 0.3610
vn 0.5633 -0.7922 -0.2349
vn -0.8794 0.4682 0.0863
vn -0.6987 0.7076 -0.1057
vn -0.7599 0.5192 -0.3911
vn -0.9350 0.2859 -0.2100
vn 0.8578 0.3674 -0.3593
vn 0.7761 0.6284 0.0530
vn 0.6935 0.6603 -0.2882
vn 0.9453 0.3251 -0.0260
vn -0.7761 0.6284 0.0530
vn -0.6935 0.6603 -0.2882
vn -0.8579 0.3674 -0.3593
vn -0.9453 0.3251 -0.0260
vn 0.7599 0.5192 -0.3911
vn 0.8794 0.4681 0.0863
vn 0.6987 0.7076 -0.1057
vn 0.9350 0.2859 -0.2100
s 0
usemtl blue
f 40//1 161//1 164//1
f 42//2 163//2 35//2
f 33//3 38//3 32//3
f 34//4 39//4 33//4
f 41//5 171//5 169//5
f 35//6 43//6 42//6
f 36//7 44//7 43//7
f 39//8 45//8 38//8
f 40//9 46//9 39//9
f 41//10 47//10 40//10
f 42//11 48//11 41//11
f 42//12 50//12 49//12
f 43//13 51//13 50//13
f 46//14 52//14 45//14
f 47//15 53//15 46//15
f 48//16 54//16 47//16
f 49//17 55//17 48//17
f 50//18 56//18 49//18
f 50//19 58//19 57//19
f 3//20 44//20 37//20
f 4//21 51//21 44//21
f 5//22 58//22 51//22
f 6//23 7//23 58//23
f 58//24 8//24 57//24
f 57//25 9//25 56//25
f 56//26 10//26 55//26
f 55//27 11//27 54//27
f 53//28 11//28 12//28
f 52//29 12//29 13//29
f 59//30 67//30 66//30
f 60//31 68//31 67//31
f 62//32 68//32 61//32
f 63//33 69//33 62//33
f 64//34 70//34 63//34
f 65//35 71//35 64//35
f 562//36 73//36 560//36
f 69//37 75//37 68//37
f 70//38 76//38 69//38
f 71//39 77//39 70//39
f 72//40 78//40 71//40
f 558//41 73//41 66//41
f 76//42 82//42 75//42
f 77//43 83//43 76//43
f 78//44 84//44 77//44
f 79//45 85//45 78//45
f 80//46 88//46 87//46
f 574//47 89//47 95//47
f 82//48 576//48 88//48
f 84//49 89//49 83//49
f 85//50 90//50 84//50
f 86//51 91//51 85//51
f 88//52 93//52 87//52
f 575//53 95//53 94//53
f 89//54 97//54 96//54
f 90//55 98//55 97//55
f 91//56 99//56 98//56
f 94//57 100//57 93//57
f 95//58 101//58 94//58
f 95//59 103//59 102//59
f 96//60 104//60 103//60
f 97//61 105//61 104//61
f 98//62 106//62 105//62
f 13//63 60//63 59//63
f 12//64 61//64 60//64
f 10//65 61//65 11//65
f 9//66 62//66 10//66
f 8//67 63//67 9//67
f 7//68 64//68 8//68
f 2//69 65//69 7//69
f 14//70 72//70 65//70
f 15//71 79//71 72//71
f 16//72 86//72 79//72
f 17//73 92//73 86//73
f 92//74 19//74 99//74
f 99//75 20//75 106//75
f 106//76 1//76 21//76
f 105//77 21//77 22//77
f 104//78 22//78 23//78
f 103//79 23//79 24//79
f 102//80 24//80 25//80
f 101//81 25//81 26//81
f 101//82 27//82 100//82
f 107//83 115//83 114//83
f 108//84 116//84 115//84
f 109//85 117//85 116//85
f 110//86 118//86 117//86
f 111//87 119//87 118//87
f 112//88 120//88 119//88
f 114//89 122//89 121//89
f 115//90 123//90 122//90
f 116//91 124//91 123//91
f 117//92 125//92 124//92
f 118//93 126//93 125//93
f 120//94 126//94 119//94
f 121//95 129//95 128//95
f 122//96 130//96 129//96
f 123//97 131//97 130//97
f 124//98 132//98 131//98
f 126//99 132//99 125//99
f 127//100 133//100 126//100
f 27//101 108//101 107//101
f 26//102 109//102 108//102
f 25//103 110//103 109//103
f 24//104 111//104 110//104
f 23//105 112//105 111//105
f 22//106 113//106 112//106
f 1//107 113//107 21//107
f 113//108 29//108 120//108
f 120//109 30//109 127//109
f 127//110 31//110 134//110
f 135//111 140//111 139//111
f 136//112 141//112 140//112
f 137//113 142//113 141//113
f 139//114 144//114 143//114
f 140//115 145//115 144//115
f 141//116 146//116 145//116
f 143//117 148//117 147//117
f 764//118 780//118 782//118
f 150//119 779//119 760//119
f 148//120 149//120 147//120
f 145//121 772//121 144//121
f 429//122 783//122 785//122
f 150//123 153//123 149//123
f 760//124 154//124 150//124
f 437//125 770//125 434//125
f 154//126 157//126 153//126
f 762//127 158//127 154//127
f 156//128 159//128 762//128
f 2//129 135//129 14//129
f 6//130 136//130 135//130
f 5//131 137//131 136//131
f 4//132 138//132 137//132
f 160//133 30//133 159//133
f 159//134 29//134 158//134
f 158//135 28//135 157//135
f 157//136 1//136 20//136
f 153//137 20//137 19//137
f 149//138 19//138 18//138
f 147//139 18//139 17//139
f 143//140 17//140 16//140
f 139//141 16//141 15//141
f 14//142 139//142 15//142
f 162//143 164//143 161//143
f 162//144 166//144 165//144
f 165//145 167//145 170//145
f 169//146 174//146 168//146
f 170//147 173//147 176//147
f 164//148 171//148 40//148
f 41//149 168//149 42//149
f 166//150 168//150 167//150
f 165//151 172//151 164//151
f 175//152 173//152 174//152
f 175//153 178//153 176//153
f 172//154 177//154 171//154
f 170//155 178//155 172//155
f 171//156 175//156 169//156
f 167//157 174//157 173//157
f 444//158 451//158 445//158
f 420//159 31//159 330//159
f 327//160 394//160 393//160
f 421//161 425//161 422//161
f 148//162 778//162 150//162
f 144//163 775//163 148//163
f 333//164 161//164 34//164
f 440//165 156//165 765//165
f 331//166 33//166 32//166
f 334//167 448//167 333//167
f 339//168 333//168 332//168
f 309//169 350//169 349//169
f 344//170 304//170 337//170
f 436//171 764//171 433//171
f 335//172 343//172 336//172
f 340//173 334//173 333//173
f 35//174 336//174 36//174
f 337//175 3//175 37//175
f 307//176 306//176 351//176
f 310//177 349//177 348//177
f 36//178 337//178 37//178
f 308//179 351//179 350//179
f 163//180 335//180 35//180
f 351//181 305//181 344//181
f 338//182 332//182 331//182
f 382//183 377//183 376//183
f 383//184 378//184 377//184
f 386//185 686//185 393//185
f 360//186 699//186 700//186
f 382//187 390//187 383//187
f 383//188 391//188 384//188
f 367//189 700//189 702//189
f 380//190 685//190 386//190
f 388//191 396//191 389//191
f 389//192 397//192 390//192
f 390//193 398//193 391//193
f 355//194 309//194 310//194
f 365//195 314//195 358//195
f 385//196 317//196 379//196
f 311//197 348//197 347//197
f 352//198 360//198 353//198
f 361//199 355//199 354//199
f 362//200 356//200 355//200
f 348//201 342//201 341//201
f 346//202 340//202 339//202
f 336//203 344//203 337//203
f 363//204 357//204 356//204
f 364//205 358//205 357//205
f 377//206 371//206 370//206
f 312//207 354//207 311//207
f 384//208 392//208 385//208
f 378//209 372//209 371//209
f 370//210 364//210 363//210
f 343//211 351//211 344//211
f 347//212 341//212 340//212
f 371//213 365//213 364//213
f 707//214 699//214 701//214
f 702//215 710//215 704//215
f 384//216 379//216 378//216
f 345//217 312//217 346//217
f 391//218 399//218 392//218
f 332//219 34//219 33//219
f 349//220 343//220 342//220
f 341//221 335//221 334//221
f 376//222 370//222 369//222
f 373//223 381//223 374//223
f 381//224 717//224 375//224
f 710//225 703//225 704//225
f 393//226 387//226 386//226
f 686//227 327//227 393//227
f 392//228 320//228 319//228
f 394//229 388//229 387//229
f 345//230 339//230 338//230
f 399//231 302//231 320//231
f 346//232 311//232 347//232
f 353//233 361//233 354//233
f 368//234 362//234 361//234
f 356//235 308//235 309//235
f 386//236 381//236 380//236
f 375//237 369//237 368//237
f 369//238 363//238 362//238
f 396//239 323//239 397//239
f 414//240 129//240 415//240
f 415//241 130//241 416//241
f 132//242 419//242 418//242
f 372//243 315//243 365//243
f 357//244 307//244 308//244
f 409//245 417//245 410//245
f 385//246 319//246 318//246
f 354//247 310//247 311//247
f 402//248 410//248 403//248
f 404//249 412//249 405//249
f 416//250 131//250 417//250
f 395//251 324//251 396//251
f 398//252 321//252 399//252
f 358//253 303//253 307//253
f 410//254 418//254 411//254
f 403//255 411//255 404//255
f 407//256 415//256 408//256
f 379//257 316//257 372//257
f 387//258 712//258 716//258
f 366//259 703//259 701//259
f 325//260 403//260 324//260
f 411//261 419//261 412//261
f 324//262 404//262 323//262
f 417//263 132//263 418//263
f 401//264 409//264 402//264
f 419//265 413//265 412//265
f 405//266 413//266 406//266
f 400//267 408//267 401//267
f 408//268 416//268 409//268
f 32//269 688//269 331//269
f 394//270 325//270 395//270
f 326//271 402//271 325//271
f 684//272 414//272 407//272
f 699//273 366//273 701//273
f 692//274 352//274 313//274
f 133//275 420//275 419//275
f 397//276 322//276 398//276
f 313//277 353//277 312//277
f 690//278 359//278 352//278
f 414//279 533//279 128//279
f 705//280 700//280 699//280
f 331//281 693//281 338//281
f 359//282 691//282 366//282
f 373//283 696//283 380//283
f 345//284 692//284 313//284
f 327//285 401//285 326//285
f 323//286 405//286 322//286
f 406//287 302//287 321//287
f 434//288 766//288 152//288
f 455//289 447//289 449//289
f 442//290 444//290 443//290
f 438//291 436//291 435//291
f 451//292 446//292 445//292
f 443//293 445//293 335//293
f 413//294 330//294 329//294
f 305//295 423//295 304//295
f 366//296 695//296 373//296
f 322//297 406//297 321//297
f 452//298 448//298 446//298
f 454//299 449//299 448//299
f 320//300 435//300 319//300
f 433//301 782//301 781//301
f 314//302 424//302 421//302
f 427//303 431//303 428//303
f 406//304 329//304 328//304
f 317//305 427//305 316//305
f 306//306 422//306 305//306
f 441//307 162//307 161//307
f 445//308 334//308 335//308
f 439//309 765//309 436//309
f 424//310 428//310 425//310
f 425//311 429//311 426//311
f 422//312 426//312 423//312
f 304//313 138//313 3//313
f 330//314 160//314 440//314
f 316//315 424//315 315//315
f 447//316 450//316 444//316
f 432//317 431//317 430//317
f 426//318 146//318 142//318
f 448//319 441//319 333//319
f 450//320 452//320 451//320
f 435//321 433//321 432//321
f 329//322 440//322 439//322
f 302//323 438//323 320//323
f 328//324 439//324 438//324
f 449//325 442//325 441//325
f 162//326 443//326 163//326
f 452//327 455//327 454//327
f 303//328 421//328 306//328
f 423//329 142//329 138//329
f 428//330 784//330 783//330
f 319//331 432//331 318//331
f 318//332 430//332 317//332
f 693//333 345//333 338//333
f 374//334 368//334 367//334
f 80//335 540//335 539//335
f 27//336 542//336 538//336
f 52//337 537//337 45//337
f 52//338 536//338 541//338
f 73//339 539//339 535//339
f 59//340 536//340 13//340
f 121//341 533//341 532//341
f 38//342 537//342 531//342
f 66//343 535//343 530//343
f 93//344 529//344 528//344
f 121//345 527//345 114//345
f 32//346 531//346 526//346
f 66//347 534//347 59//347
f 87//348 528//348 540//348
f 114//349 542//349 107//349
f 27//350 529//350 100//350
f 558//351 566//351 560//351
f 561//352 569//352 567//352
f 565//353 566//353 564//353
f 567//354 568//354 566//354
f 562//355 569//355 563//355
f 560//356 568//356 562//356
f 559//357 567//357 565//357
f 559//358 564//358 558//358
f 81//359 75//359 82//359
f 68//360 74//360 67//360
f 562//361 81//361 80//361
f 563//362 74//362 81//362
f 559//363 74//363 561//363
f 558//364 67//364 559//364
f 571//365 588//365 574//365
f 576//366 591//366 572//366
f 573//367 592//367 576//367
f 574//368 587//368 570//368
f 83//369 570//369 577//369
f 577//370 593//370 573//370
f 577//371 587//371 586//371
f 575//372 591//372 590//372
f 571//373 590//373 589//373
f 578//374 587//374 579//374
f 580//375 587//375 588//375
f 580//376 589//376 581//376
f 582//377 589//377 590//377
f 582//378 591//378 583//378
f 583//379 592//379 584//379
f 584//380 593//380 585//380
f 578//381 593//381 586//381
f 388//382 382//382 715//382
f 707//383 706//383 705//383
f 709//384 708//384 707//384
f 709//385 701//385 703//385
f 361//386 367//386 368//386
f 704//387 367//387 702//387
f 698//388 407//388 400//388
f 703//389 374//389 704//389
f 700//390 708//390 702//390
f 327//391 698//391 400//391
f 729//392 712//392 715//392
f 734//393 718//393 714//393
f 728//394 719//394 720//394
f 730//395 721//395 722//395
f 723//396 730//396 722//396
f 734//397 725//397 726//397
f 712//398 731//398 716//398
f 728//399 715//399 711//399
f 732//400 723//400 724//400
f 732//401 717//401 713//401
f 718//402 728//402 711//402
f 718//403 382//403 376//403
f 733//404 714//404 717//404
f 721//405 728//405 720//405
f 716//406 732//406 713//406
f 719//407 734//407 726//407
f 733//408 724//408 725//408
f 151//409 761//409 152//409
f 151//410 762//410 760//410
f 155//411 156//411 762//411
f 434//412 765//412 437//412
f 437//413 156//413 763//413
f 434//414 761//414 764//414
f 766//415 769//415 768//415
f 771//415 766//415 770//415
f 151//416 769//416 155//416
f 437//417 767//417 771//417
f 155//418 767//418 763//418
f 152//419 768//419 151//419
f 772//420 776//420 775//420
f 773//420 777//420 776//420
f 776//420 778//420 775//420
f 777//420 779//420 776//420
f 781//420 786//420 784//420
f 785//420 777//420 774//420
f 782//420 777//420 786//420
f 783//420 786//420 785//420
f 146//421 785//421 774//421
f 146//422 773//422 145//422
f 431//423 781//423 784//423
f 760//424 780//424 761//424
f 40//425 34//425 161//425
f 42//426 166//426 163//426
f 33//427 39//427 38//427
f 34//428 40//428 39//428
f 41//429 40//429 171//429
f 35//430 36//430 43//430
f 36//431 37//431 44//431
f 39//432 46//432 45//432
f 40//433 47//433 46//433
f 41//434 48//434 47//434
f 42//435 49//435 48//435
f 42//436 43//436 50//436
f 43//437 44//437 51//437
f 46//438 53//438 52//438
f 47//439 54//439 53//439
f 48//440 55//440 54//440
f 49//441 56//441 55//441
f 50//442 57//442 56//442
f 50//443 51//443 58//443
f 3//444 4//444 44//444
f 4//445 5//445 51//445
f 5//446 6//446 58//446
f 6//447 2//447 7//447
f 58//448 7//448 8//448
f 57//449 8//449 9//449
f 56//450 9//450 10//450
f 55//451 10//451 11//451
f 53//452 54//452 11//452
f 52//453 53//453 12//453
f 59//454 60//454 67//454
f 60//455 61//455 68//455
f 62//456 69//456 68//456
f 63//457 70//457 69//457
f 64//458 71//458 70//458
f 65//459 72//459 71//459
f 562//460 80//460 73//460
f 69//461 76//461 75//461
f 70//462 77//462 76//462
f 71//463 78//463 77//463
f 72//464 79//464 78//464
f 558//465 560//465 73//465
f 76//466 83//466 82//466
f 77//467 84//467 83//467
f 78//468 85//468 84//468
f 79//469 86//469 85//469
f 80//470 81//470 88//470
f 95//471 571//471 574//471
f 574//472 570//472 89//472
f 89//473 96//473 95//473
f 88//474 81//474 82//474
f 82//475 573//475 576//475
f 576//476 572//476 88//476
f 84//477 90//477 89//477
f 85//478 91//478 90//478
f 86//479 92//479 91//479
f 88//480 94//480 93//480
f 94//481 88//481 572//481
f 575//482 571//482 95//482
f 94//483 572//483 575//483
f 89//484 90//484 97//484
f 90//485 91//485 98//485
f 91//486 92//486 99//486
f 94//487 101//487 100//487
f 95//488 102//488 101//488
f 95//489 96//489 103//489
f 96//490 97//490 104//490
f 97//491 98//491 105//491
f 98//492 99//492 106//492
f 13//493 12//493 60//493
f 12//494 11//494 61//494
f 10//495 62//495 61//495
f 9//496 63//496 62//496
f 8//497 64//497 63//497
f 7//498 65//498 64//498
f 2//499 14//499 65//499
f 14//500 15//500 72//500
f 15//501 16//501 79//501
f 16//502 17//502 86//502
f 17//503 18//503 92//503
f 92//504 18//504 19//504
f 99//505 19//505 20//505
f 106//506 20//506 1//506
f 105//507 106//507 21//507
f 104//508 105//508 22//508
f 103//509 104//509 23//509
f 102//510 103//510 24//510
f 101//511 102//511 25//511
f 101//512 26//512 27//512
f 107//513 108//513 115//513
f 108//514 109//514 116//514
f 109//515 110//515 117//515
f 110//516 111//516 118//516
f 111//517 112//517 119//517
f 112//518 113//518 120//518
f 114//519 115//519 122//519
f 115//520 116//520 123//520
f 116//521 117//521 124//521
f 117//522 118//522 125//522
f 118//523 119//523 126//523
f 120//524 127//524 126//524
f 121//525 122//525 129//525
f 122//526 123//526 130//526
f 123//527 124//527 131//527
f 124//528 125//528 132//528
f 126//529 133//529 132//529
f 127//530 134//530 133//530
f 27//531 26//531 108//531
f 26//532 25//532 109//532
f 25//533 24//533 110//533
f 24//534 23//534 111//534
f 23//535 22//535 112//535
f 22//536 21//536 113//536
f 1//537 28//537 113//537
f 113//538 28//538 29//538
f 120//539 29//539 30//539
f 127//540 30//540 31//540
f 135//541 136//541 140//541
f 136//542 137//542 141//542
f 137//543 138//543 142//543
f 139//544 140//544 144//544
f 140//545 141//545 145//545
f 141//546 142//546 146//546
f 143//547 144//547 148//547
f 764//548 761//548 780//548
f 150//549 778//549 779//549
f 148//550 150//550 149//550
f 145//551 773//551 772//551
f 429//552 428//552 783//552
f 150//553 154//553 153//553
f 760//554 762//554 154//554
f 437//125 771//125 770//125
f 154//555 158//555 157//555
f 762//556 159//556 158//556
f 156//557 160//557 159//557
f 2//558 6//558 135//558
f 6//559 5//559 136//559
f 5//560 4//560 137//560
f 4//561 3//561 138//561
f 160//562 31//562 30//562
f 159//563 30//563 29//563
f 158//564 29//564 28//564
f 157//565 28//565 1//565
f 153//566 157//566 20//566
f 149//567 153//567 19//567
f 147//568 149//568 18//568
f 143//569 147//569 17//569
f 139//570 143//570 16//570
f 14//571 135//571 139//571
f 162//572 165//572 164//572
f 162//573 163//573 166//573
f 165//574 166//574 167//574
f 169//575 175//575 174//575
f 170//576 167//576 173//576
f 164//577 172//577 171//577
f 41//578 169//578 168//578
f 166//579 42//579 168//579
f 165//580 170//580 172//580
f 175//581 176//581 173//581
f 175//582 177//582 178//582
f 172//583 178//583 177//583
f 170//584 176//584 178//584
f 171//585 177//585 175//585
f 167//586 168//586 174//586
f 444//587 450//587 451//587
f 420//588 134//588 31//588
f 327//589 326//589 394//589
f 421//590 424//590 425//590
f 148//162 775//162 778//162
f 144//163 772//163 775//163
f 333//591 441//591 161//591
f 440//592 160//592 156//592
f 331//593 332//593 33//593
f 334//594 446//594 448//594
f 339//595 340//595 333//595
f 309//596 308//596 350//596
f 344//597 305//597 304//597
f 436//598 765//598 764//598
f 335//599 342//599 343//599
f 340//600 341//600 334//600
f 35//601 335//601 336//601
f 337//602 304//602 3//602
f 307//603 303//603 306//603
f 310//604 309//604 349//604
f 36//605 336//605 337//605
f 308//606 307//606 351//606
f 163//607 443//607 335//607
f 351//608 306//608 305//608
f 338//609 339//609 332//609
f 382//610 383//610 377//610
f 383//611 384//611 378//611
f 386//612 685//612 686//612
f 360//613 359//613 699//613
f 382//614 389//614 390//614
f 383//615 390//615 391//615
f 367//616 360//616 700//616
f 380//617 696//617 685//617
f 388//618 395//618 396//618
f 389//619 396//619 397//619
f 390//620 397//620 398//620
f 355//621 356//621 309//621
f 365//622 315//622 314//622
f 385//623 318//623 317//623
f 311//624 310//624 348//624
f 352//625 359//625 360//625
f 361//626 362//626 355//626
f 362//627 363//627 356//627
f 348//628 349//628 342//628
f 346//629 347//629 340//629
f 336//630 343//630 344//630
f 363//631 364//631 357//631
f 364//632 365//632 358//632
f 377//633 378//633 371//633
f 312//634 353//634 354//634
f 384//635 391//635 392//635
f 378//636 379//636 372//636
f 370//637 371//637 364//637
f 343//638 350//638 351//638
f 347//639 348//639 341//639
f 371//640 372//640 365//640
f 707//214 705//214 699//214
f 702//215 708//215 710//215
f 384//641 385//641 379//641
f 345//642 313//642 312//642
f 391//643 398//643 399//643
f 332//644 333//644 34//644
f 349//645 350//645 343//645
f 341//646 342//646 335//646
f 376//647 377//647 370//647
f 373//648 380//648 381//648
f 375//649 374//649 381//649
f 381//650 713//650 717//650
f 717//651 714//651 375//651
f 710//225 709//225 703//225
f 393//652 394//652 387//652
f 686//653 694//653 327//653
f 392//654 399//654 320//654
f 394//655 395//655 388//655
f 345//656 346//656 339//656
f 399//657 321//657 302//657
f 346//658 312//658 311//658
f 353//659 360//659 361//659
f 368//660 369//660 362//660
f 356//661 357//661 308//661
f 386//662 387//662 381//662
f 375//663 376//663 369//663
f 369//664 370//664 363//664
f 396//665 324//665 323//665
f 414//666 128//666 129//666
f 415//667 129//667 130//667
f 132//668 133//668 419//668
f 372//669 316//669 315//669
f 357//670 358//670 307//670
f 409//671 416//671 417//671
f 385//672 392//672 319//672
f 354//673 355//673 310//673
f 402//674 409//674 410//674
f 404//675 411//675 412//675
f 416//676 130//676 131//676
f 395//677 325//677 324//677
f 398//678 322//678 321//678
f 358//679 314//679 303//679
f 410//680 417//680 418//680
f 403//681 410//681 411//681
f 407//682 414//682 415//682
f 379//683 317//683 316//683
f 713//684 381//684 387//684
f 387//685 388//685 712//685
f 716//686 713//686 387//686
f 366//687 373//687 703//687
f 325//688 402//688 403//688
f 411//689 418//689 419//689
f 324//690 403//690 404//690
f 417//691 131//691 132//691
f 401//692 408//692 409//692
f 419//693 420//693 413//693
f 405//694 412//694 413//694
f 400//695 407//695 408//695
f 408//696 415//696 416//696
f 32//697 526//697 688//697
f 394//698 326//698 325//698
f 326//699 401//699 402//699
f 684//700 689//700 414//700
f 699//701 359//701 366//701
f 692//702 690//702 352//702
f 133//703 134//703 420//703
f 397//704 323//704 322//704
f 313//705 352//705 353//705
f 690//706 687//706 359//706
f 414//707 689//707 533//707
f 705//280 706//280 700//280
f 331//708 688//708 693//708
f 359//709 687//709 691//709
f 373//710 695//710 696//710
f 345//711 697//711 692//711
f 327//712 400//712 401//712
f 323//713 404//713 405//713
f 406//714 328//714 302//714
f 434//288 770//288 766//288
f 455//715 453//715 447//715
f 442//716 447//716 444//716
f 438//717 439//717 436//717
f 451//718 452//718 446//718
f 443//719 444//719 445//719
f 413//720 420//720 330//720
f 305//721 422//721 423//721
f 366//722 691//722 695//722
f 322//723 405//723 406//723
f 452//724 454//724 448//724
f 454//725 455//725 449//725
f 320//726 438//726 435//726
f 433//727 764//727 782//727
f 314//728 315//728 424//728
f 427//729 430//729 431//729
f 406//730 413//730 329//730
f 317//731 430//731 427//731
f 306//732 421//732 422//732
f 441//733 442//733 162//733
f 445//734 446//734 334//734
f 439//735 440//735 765//735
f 424//736 427//736 428//736
f 425//737 428//737 429//737
f 422//738 425//738 426//738
f 304//739 423//739 138//739
f 330//740 31//740 160//740
f 316//741 427//741 424//741
f 447//742 453//742 450//742
f 432//743 433//743 431//743
f 426//744 429//744 146//744
f 448//745 449//745 441//745
f 450//746 453//746 452//746
f 435//747 436//747 433//747
f 329//748 330//748 440//748
f 302//749 328//749 438//749
f 328//750 329//750 439//750
f 449//751 447//751 442//751
f 162//752 442//752 443//752
f 452//753 453//753 455//753
f 303//754 314//754 421//754
f 423//755 426//755 142//755
f 428//330 431//330 784//330
f 319//756 435//756 432//756
f 318//757 432//757 430//757
f 693//758 697//758 345//758
f 374//759 375//759 368//759
f 80//760 87//760 540//760
f 27//761 107//761 542//761
f 52//762 541//762 537//762
f 52//763 13//763 536//763
f 73//764 80//764 539//764
f 59//765 534//765 536//765
f 121//766 128//766 533//766
f 38//767 45//767 537//767
f 66//768 73//768 535//768
f 93//769 100//769 529//769
f 121//770 532//770 527//770
f 32//771 38//771 531//771
f 66//772 530//772 534//772
f 87//773 93//773 528//773
f 114//774 527//774 542//774
f 27//775 538//775 529//775
f 558//351 564//351 566//351
f 561//352 563//352 569//352
f 565//776 567//776 566//776
f 567//777 569//777 568//777
f 562//778 568//778 569//778
f 560//356 566//356 568//356
f 559//357 561//357 567//357
f 559//779 565//779 564//779
f 81//780 74//780 75//780
f 68//781 75//781 74//781
f 562//782 563//782 81//782
f 563//783 561//783 74//783
f 559//784 67//784 74//784
f 558//785 66//785 67//785
f 571//786 589//786 588//786
f 576//787 592//787 591//787
f 573//788 593//788 592//788
f 574//789 588//789 587//789
f 573//790 82//790 83//790
f 83//791 89//791 570//791
f 577//792 573//792 83//792
f 577//793 586//793 593//793
f 577//794 570//794 587//794
f 575//795 572//795 591//795
f 571//796 575//796 590//796
f 578//374 586//374 587//374
f 580//375 579//375 587//375
f 580//797 588//797 589//797
f 582//798 581//798 589//798
f 582//799 590//799 591//799
f 583//800 591//800 592//800
f 584//801 592//801 593//801
f 578//802 585//802 593//802
f 715//803 712//803 388//803
f 388//804 389//804 382//804
f 382//805 711//805 715//805
f 707//806 708//806 706//806
f 709//807 710//807 708//807
f 709//385 707//385 701//385
f 361//808 360//808 367//808
f 704//809 374//809 367//809
f 698//810 684//810 407//810
f 703//811 373//811 374//811
f 700//390 706//390 708//390
f 327//812 694//812 698//812
f 729//813 730//813 712//813
f 734//814 727//814 718//814
f 728//815 727//815 719//815
f 730//816 729//816 721//816
f 723//817 731//817 730//817
f 734//818 733//818 725//818
f 712//819 730//819 731//819
f 728//820 729//820 715//820
f 732//821 731//821 723//821
f 732//822 733//822 717//822
f 718//823 727//823 728//823
f 376//824 375//824 714//824
f 718//825 711//825 382//825
f 376//826 714//826 718//826
f 733//827 734//827 714//827
f 721//828 729//828 728//828
f 716//829 731//829 732//829
f 719//830 727//830 734//830
f 733//831 732//831 724//831
f 151//832 760//832 761//832
f 151//833 155//833 762//833
f 155//834 763//834 156//834
f 434//835 764//835 765//835
f 437//836 765//836 156//836
f 434//837 152//837 761//837
f 766//415 767//415 769//415
f 771//415 767//415 766//415
f 151//416 768//416 769//416
f 437//417 763//417 767//417
f 155//418 769//418 767//418
f 152//419 766//419 768//419
f 772//420 773//420 776//420
f 773//420 774//420 777//420
f 776//420 779//420 778//420
f 777//420 780//420 779//420
f 781//420 782//420 786//420
f 785//420 786//420 777//420
f 782//420 780//420 777//420
f 783//420 784//420 786//420
f 146//838 429//838 785//838
f 146//839 774//839 773//839
f 431//423 433//423 781//423
f 760//840 779//840 780//840
f 146//841 433//841 150//841
f 150//841 148//841 144//841
f 144//841 145//841 146//841
f 146//841 429//841 428//841
f 428//841 431//841 433//841
f 433//841 764//841 761//841
f 761//841 760//841 150//841
f 150//841 144//841 146//841
f 146//841 428//841 433//841
f 433//841 761//841 150//841
usemtl white
f 529//416 180//416 190//416
f 542//416 191//416 237//416
f 540//416 189//416 188//416
f 534//416 185//416 184//416
f 526//416 182//416 181//416
f 527//416 192//416 191//416
f 528//416 190//416 189//416
f 530//416 186//416 185//416
f 531//416 183//416 182//416
f 532//416 193//416 192//416
f 536//416 184//416 179//416
f 535//416 187//416 186//416
f 541//416 179//416 198//416
f 537//416 198//416 183//416
f 538//416 237//416 180//416
f 539//416 188//416 187//416
f 179//842 184//842 227//842
f 201//843 240//843 203//843
f 652//844 662//844 653//844
f 299//845 206//845 236//845
f 197//846 243//846 200//846
f 207//847 237//847 236//847
f 281//848 211//848 290//848
f 272//849 214//849 281//849
f 220//850 272//850 263//850
f 223//851 263//851 254//851
f 226//852 254//852 246//852
f 192//853 193//853 475//853
f 290//854 208//854 299//854
f 293//855 232//855 230//855
f 640//856 650//856 641//856
f 469//857 456//857 482//857
f 242//858 248//858 240//858
f 245//859 251//859 243//859
f 620//860 628//860 629//860
f 252//861 257//861 248//861
f 255//862 260//862 251//862
f 261//863 266//863 257//863
f 264//864 269//864 260//864
f 515//865 520//865 518//865
f 266//866 279//866 275//866
f 269//867 282//867 278//867
f 513//868 462//868 516//868
f 275//869 288//869 284//869
f 278//870 291//870 287//870
f 284//871 297//871 293//871
f 287//872 300//872 296//872
f 621//873 632//873 630//873
f 203//874 183//874 201//874
f 200//875 198//875 197//875
f 198//876 195//876 194//876
f 184//877 224//877 227//877
f 185//878 221//878 224//878
f 186//879 218//879 221//879
f 218//880 188//880 215//880
f 215//881 189//881 212//881
f 212//882 190//882 209//882
f 209//883 190//883 180//883
f 235//884 191//884 233//884
f 296//885 235//885 233//885
f 232//886 192//886 230//886
f 196//887 199//887 198//887
f 199//888 197//888 198//888
f 200//889 202//889 183//889
f 202//890 201//890 183//890
f 203//891 205//891 182//891
f 205//892 204//892 182//892
f 229//893 231//893 192//893
f 231//894 230//894 192//894
f 232//895 234//895 191//895
f 234//896 233//896 191//896
f 235//897 238//897 237//897
f 238//898 236//898 237//898
f 208//899 207//899 206//899
f 207//900 209//900 180//900
f 211//901 210//901 208//901
f 213//902 209//902 210//902
f 214//903 213//903 211//903
f 216//904 212//904 213//904
f 217//905 216//905 214//905
f 219//906 215//906 216//906
f 217//907 222//907 219//907
f 219//908 221//908 218//908
f 220//909 225//909 222//909
f 222//910 224//910 221//910
f 223//911 228//911 225//911
f 225//912 227//912 224//912
f 226//913 195//913 228//913
f 195//914 227//914 228//914
f 240//915 250//915 241//915
f 241//916 249//916 239//916
f 243//917 253//917 244//917
f 244//918 252//918 242//918
f 246//919 256//919 247//919
f 247//920 255//920 245//920
f 248//921 259//921 250//921
f 259//922 249//922 250//922
f 251//923 262//923 253//923
f 253//924 261//924 252//924
f 254//925 265//925 256//925
f 256//926 264//926 255//926
f 257//927 268//927 259//927
f 268//928 258//928 259//928
f 260//929 271//929 262//929
f 271//930 261//930 262//930
f 263//931 274//931 265//931
f 274//932 264//932 265//932
f 266//933 277//933 268//933
f 277//934 267//934 268//934
f 269//935 280//935 271//935
f 280//936 270//936 271//936
f 272//937 283//937 274//937
f 283//938 273//938 274//938
f 275//939 286//939 277//939
f 286//940 276//940 277//940
f 278//941 289//941 280//941
f 289//942 279//942 280//942
f 281//943 292//943 283//943
f 292//944 282//944 283//944
f 293//945 286//945 284//945
f 286//946 294//946 285//946
f 296//947 289//947 287//947
f 289//948 297//948 288//948
f 299//949 292//949 290//949
f 301//950 291//950 292//950
f 203//951 241//951 205//951
f 205//952 239//952 204//952
f 200//953 244//953 202//953
f 202//954 242//954 201//954
f 196//955 247//955 199//955
f 199//956 245//956 197//956
f 235//957 301//957 238//957
f 301//958 236//958 238//958
f 232//959 298//959 234//959
f 298//960 233//960 234//960
f 229//961 295//961 231//961
f 295//962 230//962 231//962
f 194//963 246//963 196//963
f 680//964 631//964 679//964
f 688//416 459//416 693//416
f 655//965 665//965 656//965
f 693//416 482//416 697//416
f 691//416 463//416 695//416
f 543//966 468//966 525//966
f 687//416 462//416 691//416
f 664//967 674//967 665//967
f 679//968 489//968 680//968
f 526//416 458//416 688//416
f 689//416 193//416 533//416
f 697//416 456//416 692//416
f 683//969 524//969 667//969
f 695//416 464//416 696//416
f 524//970 468//970 543//970
f 686//416 457//416 694//416
f 665//971 672//971 663//971
f 649//972 659//972 650//972
f 660//973 673//973 664//973
f 631//974 641//974 632//974
f 639//975 650//975 648//975
f 500//976 551//976 553//976
f 651//977 662//977 660//977
f 548//978 674//978 550//978
f 494//979 554//979 556//979
f 525//980 668//980 543//980
f 485//981 557//981 620//981
f 474//982 620//982 619//982
f 679//983 622//983 678//983
f 495//984 683//984 682//984
f 678//985 551//985 677//985
f 678//986 486//986 679//986
f 675//987 472//987 473//987
f 524//988 668//988 667//988
f 680//989 492//989 681//989
f 659//990 667//990 668//990
f 637//991 647//991 638//991
f 630//992 641//992 639//992
f 677//993 499//993 675//993
f 477//994 476//994 676//994
f 675//995 458//995 181//995
f 492//996 682//996 681//996
f 545//997 671//997 546//997
f 684//416 468//416 689//416
f 676//998 498//998 477//998
f 480//999 678//999 677//999
f 547//1000 674//1000 673//1000
f 680//1001 649//1001 640//1001
f 698//416 467//416 684//416
f 676//1002 476//1002 468//1002
f 204//1003 479//1003 470//1003
f 555//1004 626//1004 624//1004
f 512//1005 517//1005 515//1005
f 648//1006 661//1006 652//1006
f 662//1007 669//1007 660//1007
f 639//1008 634//1008 630//1008
f 550//1009 549//1009 548//1009
f 546//1010 467//1010 545//1010
f 514//1011 516//1011 517//1011
f 496//1012 229//1012 475//1012
f 239//1013 481//1013 479//1013
f 666//1014 544//1014 670//1014
f 249//1015 484//1015 481//1015
f 456//1016 522//1016 460//1016
f 685//416 466//416 686//416
f 258//1017 487//1017 484//1017
f 505//1018 506//1018 503//1018
f 487//1019 276//1019 490//1019
f 519//1020 460//1020 522//1020
f 636//1021 647//1021 645//1021
f 490//1022 285//1022 493//1022
f 493//1023 294//1023 496//1023
f 626//1024 634//1024 635//1024
f 502//1025 504//1025 505//1025
f 470//1026 181//1026 204//1026
f 521//1027 471//1027 469//1027
f 518//1028 523//1028 521//1028
f 690//416 461//416 687//416
f 485//1029 482//1029 478//1029
f 520//1030 522//1030 523//1030
f 494//1031 459//1031 491//1031
f 621//1032 554//1032 552//1032
f 547//1033 549//1033 550//1033
f 619//1034 629//1034 627//1034
f 474//1035 482//1035 485//1035
f 645//1036 656//1036 654//1036
f 639//1037 652//1037 643//1037
f 651//1038 664//1038 655//1038
f 508//1039 509//1039 506//1039
f 510//1040 465//1040 464//1040
f 552//1041 623//1041 621//1041
f 642//1042 637//1042 633//1042
f 544//1043 468//1043 467//1043
f 636//1044 518//1044 627//1044
f 517//1045 519//1045 520//1045
f 642//1046 653//1046 651//1046
f 633//1047 628//1047 624//1047
f 504//1048 508//1048 505//1048
f 645//1049 515//1049 636//1049
f 696//416 465//416 685//416
f 500//1050 458//1050 499//1050
f 511//1051 512//1051 509//1051
f 624//1052 635//1052 633//1052
f 497//1053 459//1053 458//1053
f 627//1054 521//1054 619//1054
f 504//1055 457//1055 466//1055
f 507//1056 511//1056 508//1056
f 642//1057 655//1057 646//1057
f 648//1058 659//1058 657//1058
f 624//1059 557//1059 555//1059
f 630//1060 625//1060 621//1060
f 555//1061 478//1061 488//1061
f 547//1062 467//1062 549//1062
f 548//1063 457//1063 502//1063
f 643//1064 653//1064 644//1064
f 663//1065 503//1065 506//1065
f 507//1066 466//1066 465//1066
f 553//1067 622//1067 623//1067
f 488//1068 459//1068 494//1068
f 694//416 549//416 698//416
f 544//1069 467//1069 546//1069
f 669//1070 547//1070 673//1070
f 552//1071 491//1071 497//1071
f 622//1072 632//1072 623//1072
f 645//1073 509//1073 512//1073
f 497//1074 458//1074 500//1074
f 692//416 460//416 690//416
f 470//1075 473//1075 472//1075
f 556//1076 625//1076 626//1076
f 477//1077 475//1077 476//1077
f 481//1078 480//1078 479//1078
f 629//1079 637//1079 638//1079
f 481//1080 486//1080 483//1080
f 646//1081 656//1081 647//1081
f 484//1082 489//1082 486//1082
f 634//1083 644//1083 635//1083
f 487//1084 492//1084 489//1084
f 510//1085 514//1085 511//1085
f 493//1086 492//1086 490//1086
f 654//1087 506//1087 509//1087
f 496//1088 495//1088 493//1088
f 672//1089 501//1089 503//1089
f 479//1090 473//1090 470//1090
f 502//1091 503//1091 501//1091
f 488//1092 482//1092 459//1092
f 498//1093 475//1093 477//1093
f 522//1094 471//1094 523//1094
f 488//1095 556//1095 555//1095
f 633//1096 644//1096 642//1096
f 627//1097 638//1097 636//1097
f 662//1098 670//1098 671//1098
f 544//1099 671//1099 670//1099
f 659//1100 666//1100 657//1100
f 681//1101 658//1101 649//1101
f 516//1102 461//1102 519//1102
f 619//1103 469//1103 474//1103
f 682//1104 667//1104 658//1104
f 657//1105 670//1105 661//1105
f 513//1106 464//1106 463//1106
f 654//1107 665//1107 663//1107
f 497//1108 553//1108 552//1108
f 585//1109 596//1109 610//1109
f 579//1110 596//1110 578//1110
f 580//1111 606//1111 605//1111
f 583//1112 607//1112 582//1112
f 583//1113 598//1113 608//1113
f 581//1114 607//1114 606//1114
f 580//1115 604//1115 579//1115
f 584//1116 610//1116 598//1116
f 603//1117 604//1117 612//1117
f 612//1118 605//1118 594//1118
f 594//1119 606//1119 614//1119
f 597//1120 606//1120 607//1120
f 616//1121 607//1121 608//1121
f 609//1122 608//1122 598//1122
f 618//1123 598//1123 610//1123
f 618//1124 596//1124 603//1124
f 473//1125 677//1125 675//1125
f 721//1126 747//1126 722//1126
f 737//1127 720//1127 719//1127
f 726//1128 737//1128 719//1128
f 745//1129 744//1129 753//1129
f 748//1130 724//1130 723//1130
f 722//1131 748//1131 723//1131
f 759//1132 739//1132 750//1132
f 747//1133 735//1133 755//1133
f 757//1134 748//1134 738//1134
f 750//1135 749//1135 757//1135
f 738//1136 747//1136 755//1136
f 724//1137 739//1137 725//1137
f 737//1138 759//1138 744//1138
f 746//1139 753//1139 735//1139
f 745//1140 721//1140 720//1140
f 725//1141 751//1141 726//1141
f 529//416 538//416 180//416
f 542//416 527//416 191//416
f 540//416 528//416 189//416
f 534//416 530//416 185//416
f 526//416 531//416 182//416
f 527//416 532//416 192//416
f 528//416 529//416 190//416
f 530//416 535//416 186//416
f 531//416 537//416 183//416
f 532//416 533//416 193//416
f 536//416 534//416 184//416
f 535//416 539//416 187//416
f 541//416 536//416 179//416
f 537//416 541//416 198//416
f 538//416 542//416 237//416
f 539//416 540//416 188//416
f 201//1142 242//1142 240//1142
f 652//1143 661//1143 662//1143
f 299//1144 208//1144 206//1144
f 197//1145 245//1145 243//1145
f 236//1146 206//1146 207//1146
f 207//1147 180//1147 237//1147
f 281//1148 214//1148 211//1148
f 272//1149 217//1149 214//1149
f 220//1150 217//1150 272//1150
f 223//1151 220//1151 263//1151
f 226//1152 223//1152 254//1152
f 475//1153 229//1153 192//1153
f 193//416 476//416 475//416
f 290//1154 211//1154 208//1154
f 293//1155 297//1155 232//1155
f 640//1156 649//1156 650//1156
f 482//1157 474//1157 469//1157
f 469//1158 471//1158 456//1158
f 242//1159 252//1159 248//1159
f 245//1160 255//1160 251//1160
f 620//1161 557//1161 628//1161
f 252//1162 261//1162 257//1162
f 255//1163 264//1163 260//1163
f 261//1164 270//1164 266//1164
f 264//1165 273//1165 269//1165
f 515//1166 517//1166 520//1166
f 266//1167 270//1167 279//1167
f 269//1168 273//1168 282//1168
f 513//1169 463//1169 462//1169
f 275//1170 279//1170 288//1170
f 278//1171 282//1171 291//1171
f 284//1172 288//1172 297//1172
f 287//1173 291//1173 300//1173
f 621//1174 623//1174 632//1174
f 203//1175 182//1175 183//1175
f 200//1176 183//1176 198//1176
f 194//1177 196//1177 198//1177
f 198//1178 179//1178 195//1178
f 184//1179 185//1179 224//1179
f 185//1180 186//1180 221//1180
f 186//1181 187//1181 218//1181
f 218//1182 187//1182 188//1182
f 215//1183 188//1183 189//1183
f 212//1184 189//1184 190//1184
f 235//1185 237//1185 191//1185
f 296//1186 300//1186 235//1186
f 232//1187 191//1187 192//1187
f 208//1188 210//1188 207//1188
f 207//1189 210//1189 209//1189
f 211//1190 213//1190 210//1190
f 213//1191 212//1191 209//1191
f 214//1192 216//1192 213//1192
f 216//1193 215//1193 212//1193
f 217//1194 219//1194 216//1194
f 219//1195 218//1195 215//1195
f 217//1196 220//1196 222//1196
f 219//1197 222//1197 221//1197
f 220//1198 223//1198 225//1198
f 222//1199 225//1199 224//1199
f 223//1200 226//1200 228//1200
f 225//1201 228//1201 227//1201
f 226//1202 194//1202 195//1202
f 195//1203 179//1203 227//1203
f 240//1204 248//1204 250//1204
f 241//1205 250//1205 249//1205
f 243//1206 251//1206 253//1206
f 244//1207 253//1207 252//1207
f 246//1208 254//1208 256//1208
f 247//1209 256//1209 255//1209
f 248//1210 257//1210 259//1210
f 259//1211 258//1211 249//1211
f 251//1212 260//1212 262//1212
f 253//1213 262//1213 261//1213
f 254//1214 263//1214 265//1214
f 256//1215 265//1215 264//1215
f 257//1216 266//1216 268//1216
f 268//1217 267//1217 258//1217
f 260//1218 269//1218 271//1218
f 271//1219 270//1219 261//1219
f 263//1220 272//1220 274//1220
f 274//1221 273//1221 264//1221
f 266//1222 275//1222 277//1222
f 277//1223 276//1223 267//1223
f 269//1224 278//1224 280//1224
f 280//1225 279//1225 270//1225
f 272//1226 281//1226 283//1226
f 283//1227 282//1227 273//1227
f 275//1228 284//1228 286//1228
f 286//1229 285//1229 276//1229
f 278//1230 287//1230 289//1230
f 289//1231 288//1231 279//1231
f 281//1232 290//1232 292//1232
f 292//1233 291//1233 282//1233
f 293//1234 295//1234 286//1234
f 286//1235 295//1235 294//1235
f 296//1236 298//1236 289//1236
f 289//1237 298//1237 297//1237
f 299//1238 301//1238 292//1238
f 301//1239 300//1239 291//1239
f 203//1240 240//1240 241//1240
f 205//1241 241//1241 239//1241
f 200//1242 243//1242 244//1242
f 202//1243 244//1243 242//1243
f 196//1244 246//1244 247//1244
f 199//1245 247//1245 245//1245
f 235//1246 300//1246 301//1246
f 301//1247 299//1247 236//1247
f 232//1248 297//1248 298//1248
f 298//1249 296//1249 233//1249
f 229//1250 294//1250 295//1250
f 295//1251 293//1251 230//1251
f 194//1252 226//1252 246//1252
f 680//1253 640//1253 631//1253
f 688//416 458//416 459//416
f 655//1254 664//1254 665//1254
f 693//416 459//416 482//416
f 691//416 462//416 463//416
f 687//416 461//416 462//416
f 664//1255 673//1255 674//1255
f 679//1256 486//1256 489//1256
f 526//416 181//416 458//416
f 689//416 468//416 193//416
f 697//416 482//416 456//416
f 683//1257 676//1257 524//1257
f 695//416 463//416 464//416
f 686//416 466//416 457//416
f 665//1258 674//1258 672//1258
f 649//1259 658//1259 659//1259
f 660//1260 669//1260 673//1260
f 631//1261 640//1261 641//1261
f 639//1262 641//1262 650//1262
f 500//1263 499//1263 551//1263
f 651//1264 653//1264 662//1264
f 548//1265 672//1265 674//1265
f 494//1266 491//1266 554//1266
f 525//1267 666//1267 668//1267
f 485//1268 478//1268 557//1268
f 474//1269 485//1269 620//1269
f 679//1270 631//1270 622//1270
f 495//1271 498//1271 683//1271
f 678//1272 622//1272 551//1272
f 678//1273 483//1273 486//1273
f 524//1274 543//1274 668//1274
f 680//1275 489//1275 492//1275
f 659//1276 658//1276 667//1276
f 637//1277 646//1277 647//1277
f 630//1278 632//1278 641//1278
f 677//1279 551//1279 499//1279
f 675//1280 499//1280 458//1280
f 181//416 472//416 675//416
f 492//1281 495//1281 682//1281
f 545//1282 669//1282 671//1282
f 684//416 467//416 468//416
f 676//1283 683//1283 498//1283
f 480//1284 483//1284 678//1284
f 547//1285 550//1285 674//1285
f 680//1286 681//1286 649//1286
f 698//416 549//416 467//416
f 468//1287 524//1287 676//1287
f 476//416 193//416 468//416
f 204//1288 239//1288 479//1288
f 555//1289 556//1289 626//1289
f 512//1290 514//1290 517//1290
f 648//1291 657//1291 661//1291
f 662//1292 671//1292 669//1292
f 639//1293 643//1293 634//1293
f 514//1294 513//1294 516//1294
f 496//1295 294//1295 229//1295
f 239//1296 249//1296 481//1296
f 666//1297 525//1297 544//1297
f 249//1298 258//1298 484//1298
f 685//416 465//416 466//416
f 258//1299 267//1299 487//1299
f 505//1300 508//1300 506//1300
f 487//1301 267//1301 276//1301
f 519//1302 461//1302 460//1302
f 636//1303 638//1303 647//1303
f 490//1304 276//1304 285//1304
f 493//1305 285//1305 294//1305
f 626//1306 625//1306 634//1306
f 502//1307 457//1307 504//1307
f 470//416 472//416 181//416
f 181//1308 182//1308 204//1308
f 521//1309 523//1309 471//1309
f 518//1310 520//1310 523//1310
f 690//416 460//416 461//416
f 520//1311 519//1311 522//1311
f 621//1312 625//1312 554//1312
f 619//1313 620//1313 629//1313
f 645//1314 647//1314 656//1314
f 639//1315 648//1315 652//1315
f 651//1316 660//1316 664//1316
f 508//1317 511//1317 509//1317
f 510//1318 507//1318 465//1318
f 552//1319 553//1319 623//1319
f 642//1320 646//1320 637//1320
f 544//1321 525//1321 468//1321
f 636//1322 515//1322 518//1322
f 517//1323 516//1323 519//1323
f 642//1324 644//1324 653//1324
f 633//1325 637//1325 628//1325
f 504//1326 507//1326 508//1326
f 645//1327 512//1327 515//1327
f 696//416 464//416 465//416
f 511//1328 514//1328 512//1328
f 624//1329 626//1329 635//1329
f 497//1330 491//1330 459//1330
f 627//1331 518//1331 521//1331
f 507//1332 510//1332 511//1332
f 642//1333 651//1333 655//1333
f 648//1334 650//1334 659//1334
f 624//1335 628//1335 557//1335
f 630//1336 634//1336 625//1336
f 555//1337 557//1337 478//1337
f 547//1338 545//1338 467//1338
f 502//1063 501//1063 548//1063
f 548//1339 549//1339 457//1339
f 643//1340 652//1340 653//1340
f 663//1341 672//1341 503//1341
f 507//1342 504//1342 466//1342
f 553//1343 551//1343 622//1343
f 694//416 457//416 549//416
f 669//1344 545//1344 547//1344
f 552//1345 554//1345 491//1345
f 622//1346 631//1346 632//1346
f 645//1347 654//1347 509//1347
f 692//416 456//416 460//416
f 556//1348 554//1348 625//1348
f 481//1349 483//1349 480//1349
f 629//1350 628//1350 637//1350
f 481//1351 484//1351 486//1351
f 646//1352 655//1352 656//1352
f 484//1353 487//1353 489//1353
f 634//1354 643//1354 644//1354
f 487//1355 490//1355 492//1355
f 510//1356 513//1356 514//1356
f 493//1357 495//1357 492//1357
f 654//1358 663//1358 506//1358
f 496//1359 498//1359 495//1359
f 672//1360 548//1360 501//1360
f 479//1361 480//1361 473//1361
f 502//1362 505//1362 503//1362
f 488//1363 478//1363 482//1363
f 498//1364 496//1364 475//1364
f 522//1365 456//1365 471//1365
f 488//1366 494//1366 556//1366
f 633//1367 635//1367 644//1367
f 627//1368 629//1368 638//1368
f 662//1369 661//1369 670//1369
f 544//1370 546//1370 671//1370
f 659//1371 668//1371 666//1371
f 681//1372 682//1372 658//1372
f 516//1373 462//1373 461//1373
f 619//1374 521//1374 469//1374
f 682//1375 683//1375 667//1375
f 657//1376 666//1376 670//1376
f 513//1377 510//1377 464//1377
f 654//1378 656//1378 665//1378
f 497//1379 500//1379 553//1379
f 585//1380 578//1380 596//1380
f 579//1381 604//1381 596//1381
f 580//1382 581//1382 606//1382
f 583//1383 608//1383 607//1383
f 583//1384 584//1384 598//1384
f 581//1385 582//1385 607//1385
f 580//1386 605//1386 604//1386
f 584//1387 585//1387 610//1387
f 603//1388 596//1388 604//1388
f 612//1389 604//1389 605//1389
f 594//1390 605//1390 606//1390
f 597//1391 614//1391 606//1391
f 616//1392 597//1392 607//1392
f 609//1393 616//1393 608//1393
f 618//1394 609//1394 598//1394
f 618//1395 610//1395 596//1395
f 473//1396 480//1396 677//1396
f 721//1397 746//1397 747//1397
f 737//1398 745//1398 720//1398
f 726//1399 751//1399 737//1399
f 745//1400 737//1400 744//1400
f 748//1401 749//1401 724//1401
f 722//1402 747//1402 748//1402
f 759//1403 751//1403 739//1403
f 747//1404 746//1404 735//1404
f 757//1405 749//1405 748//1405
f 750//1406 739//1406 749//1406
f 738//1407 748//1407 747//1407
f 724//1408 749//1408 739//1408
f 737//1409 751//1409 759//1409
f 746//1410 745//1410 753//1410
f 745//1411 746//1411 721//1411
f 725//1412 739//1412 751//1412
usemtl black
f 599//1413 595//1413 611//1413
f 600//1414 595//1414 613//1414
f 601//1415 595//1415 615//1415
f 602//1416 595//1416 617//1416
f 599//416 603//416 612//416
f 613//416 612//416 594//416
f 600//416 594//416 614//416
f 615//416 614//416 597//416
f 601//416 597//416 616//416
f 617//416 616//416 609//416
f 602//416 609//416 618//416
f 611//416 618//416 603//416
f 742//1417 736//1417 758//1417
f 741//416 735//416 754//416
f 740//1418 736//1418 754//1418
f 756//416 755//416 741//416
f 741//1419 736//1419 756//1419
f 742//416 738//416 756//416
f 743//416 750//416 758//416
f 752//416 759//416 743//416
f 743//1420 736//1420 752//1420
f 740//416 744//416 752//416
f 758//416 757//416 742//416
f 754//416 753//416 740//416
f 599//1421 613//1421 595//1421
f 600//1422 615//1422 595//1422
f 601//1423 617//1423 595//1423
f 602//1424 611//1424 595//1424
f 599//416 611//416 603//416
f 613//416 599//416 612//416
f 600//416 613//416 594//416
f 615//416 600//416 614//416
f 601//416 615//416 597//416
f 617//416 601//416 616//416
f 602//416 617//416 609//416
f 611//416 602//416 618//416
f 742//1425 756//1425 736//1425
f 741//416 755//416 735//416
f 740//1426 752//1426 736//1426
f 756//416 738//416 755//416
f 741//1427 754//1427 736//1427
f 742//416 757//416 738//416
f 743//416 759//416 750//416
f 752//416 744//416 759//416
f 743//1428 758//1428 736//1428
f 740//416 753//416 744//416
f 758//416 750//416 757//416
f 754//416 735//416 753//416
